pokedex_number,name,generation,hp,experience_growth,abilities,against_bug,against_dark,against_dragon,against_electric,against_fairy,against_fight,against_fire,against_flying,against_ghost,against_grass,against_ground,against_ice,against_normal,against_poison,against_psychic,against_rock,against_steel,against_water,attack,defense,height_m,sp_attack,sp_defense,speed,weight_kg,is_legendary,Type 1,Type 2
1,Bulbasaur,1,45,1059860,"['Overgrow', 'Chlorophyll']",1.0,1.0,1.0,0.5,0.5,0.5,2.0,2.0,1.0,0.25,1.0,2.0,1.0,1.0,2.0,1.0,1.0,0.5,49,49,0.7,65,65,45,6.9,0,grass,poison
2,Ivysaur,1,60,1059860,"['Overgrow', 'Chlorophyll']",1.0,1.0,1.0,0.5,0.5,0.5,2.0,2.0,1.0,0.25,1.0,2.0,1.0,1.0,2.0,1.0,1.0,0.5,62,63,1.0,80,80,60,13.0,0,grass,poison
3,Venusaur,1,80,1059860,"['Overgrow', 'Chlorophyll']",1.0,1.0,1.0,0.5,0.5,0.5,2.0,2.0,1.0,0.25,1.0,2.0,1.0,1.0,2.0,1.0,1.0,0.5,100,123,2.0,122,120,80,100.0,0,grass,poison
4,Charmander,1,39,1059860,"['Blaze', 'Solar Power']",0.5,1.0,1.0,1.0,0.5,1.0,0.5,1.0,1.0,0.5,2.0,0.5,1.0,1.0,1.0,2.0,0.5,2.0,52,43,0.6,60,50,65,8.5,0,fire,N/A
5,Charmeleon,1,58,1059860,"['Blaze', 'Solar Power']",0.5,1.0,1.0,1.0,0.5,1.0,0.5,1.0,1.0,0.5,2.0,0.5,1.0,1.0,1.0,2.0,0.5,2.0,64,58,1.1,80,65,80,19.0,0,fire,N/A
6,Charizard,1,78,1059860,"['Blaze', 'Solar Power']",0.25,1.0,1.0,2.0,0.5,0.5,0.5,1.0,1.0,0.25,0.0,1.0,1.0,1.0,1.0,4.0,0.5,2.0,104,78,1.7,159,115,100,90.5,0,fire,flying
7,Squirtle,1,44,1059860,"['Torrent', 'Rain Dish']",1.0,1.0,1.0,2.0,1.0,1.0,0.5,1.0,1.0,2.0,1.0,0.5,1.0,1.0,1.0,1.0,0.5,0.5,48,65,0.5,50,64,43,9.0,0,water,N/A
8,Wartortle,1,59,1059860,"['Torrent', 'Rain Dish']",1.0,1.0,1.0,2.0,1.0,1.0,0.5,1.0,1.0,2.0,1.0,0.5,1.0,1.0,1.0,1.0,0.5,0.5,63,80,1.0,65,80,58,22.5,0,water,N/A
9,Blastoise,1,79,1059860,"['Torrent', 'Rain Dish']",1.0,1.0,1.0,2.0,1.0,1.0,0.5,1.0,1.0,2.0,1.0,0.5,1.0,1.0,1.0,1.0,0.5,0.5,103,120,1.6,135,115,78,85.5,0,water,N/A
10,Caterpie,1,45,1000000,"['Shield Dust', 'Run Away']",1.0,1.0,1.0,1.0,1.0,0.5,2.0,2.0,1.0,0.5,0.5,1.0,1.0,1.0,1.0,2.0,1.0,1.0,30,35,0.3,20,20,45,2.9,0,bug,N/A
11,Metapod,1,50,1000000,['Shed Skin'],1.0,1.0,1.0,1.0,1.0,0.5,2.0,2.0,1.0,0.5,0.5,1.0,1.0,1.0,1.0,2.0,1.0,1.0,20,55,0.7,25,25,30,9.9,0,bug,N/A
12,Butterfree,1,60,1000000,"['Compoundeyes', 'Tinted Lens']",0.5,1.0,1.0,2.0,1.0,0.25,2.0,2.0,1.0,0.25,0.0,2.0,1.0,1.0,1.0,4.0,1.0,1.0,45,50,1.1,90,80,70,32.0,0,bug,flying
13,Weedle,1,40,1000000,"['Shield Dust', 'Run Away']",0.5,1.0,1.0,1.0,0.5,0.25,2.0,2.0,1.0,0.25,1.0,1.0,1.0,0.5,2.0,2.0,1.0,1.0,35,30,0.3,20,20,50,3.2,0,bug,poison
14,Kakuna,1,45,1000000,['Shed Skin'],0.5,1.0,1.0,1.0,0.5,0.25,2.0,2.0,1.0,0.25,1.0,1.0,1.0,0.5,2.0,2.0,1.0,1.0,25,50,0.6,25,25,35,10.0,0,bug,poison
15,Beedrill,1,65,1000000,"['Swarm', 'Sniper']",0.5,1.0,1.0,1.0,0.5,0.25,2.0,2.0,1.0,0.25,1.0,1.0,1.0,0.5,2.0,2.0,1.0,1.0,150,40,1.0,15,80,145,29.5,0,bug,poison
16,Pidgey,1,40,1059860,"['Keen Eye', 'Tangled Feet', 'Big Pecks']",0.5,1.0,1.0,2.0,1.0,1.0,1.0,1.0,0.0,0.5,0.0,2.0,1.0,1.0,1.0,2.0,1.0,1.0,45,40,0.3,35,35,56,1.8,0,normal,flying
17,Pidgeotto,1,63,1059860,"['Keen Eye', 'Tangled Feet', 'Big Pecks']",0.5,1.0,1.0,2.0,1.0,1.0,1.0,1.0,0.0,0.5,0.0,2.0,1.0,1.0,1.0,2.0,1.0,1.0,60,55,1.1,50,50,71,30.0,0,normal,flying
18,Pidgeot,1,83,1059860,"['Keen Eye', 'Tangled Feet', 'Big Pecks']",0.5,1.0,1.0,2.0,1.0,1.0,1.0,1.0,0.0,0.5,0.0,2.0,1.0,1.0,1.0,2.0,1.0,1.0,80,80,1.5,135,80,121,39.5,0,normal,flying
19,Rattata,1,30,1000000,"['Run Away', 'Guts', 'Hustle', 'Gluttony', 'Hustle', 'Thick Fat']",1.0,1.0,1.0,1.0,1.0,2.0,1.0,1.0,0.0,1.0,1.0,1.0,1.0,1.0,1.0,1.0,1.0,1.0,56,35,,25,35,72,,0,normal,N/A
20,Raticate,1,75,1000000,"['Run Away', 'Guts', 'Hustle', 'Gluttony', 'Hustle', 'Thick Fat']",1.0,1.0,1.0,1.0,1.0,2.0,1.0,1.0,0.0,1.0,1.0,1.0,1.0,1.0,1.0,1.0,1.0,1.0,71,70,,40,80,77,,0,normal,N/A
21,Spearow,1,40,1000000,"['Keen Eye', 'Sniper']",0.5,1.0,1.0,2.0,1.0,1.0,1.0,1.0,0.0,0.5,0.0,2.0,1.0,1.0,1.0,2.0,1.0,1.0,60,30,0.3,31,31,70,2.0,0,normal,flying
22,Fearow,1,65,1000000,"['Keen Eye', 'Sniper']",0.5,1.0,1.0,2.0,1.0,1.0,1.0,1.0,0.0,0.5,0.0,2.0,1.0,1.0,1.0,2.0,1.0,1.0,90,65,1.2,61,61,100,38.0,0,normal,flying
23,Ekans,1,35,1000000,"['Intimidate', 'Shed Skin', 'Unnerve']",0.5,1.0,1.0,1.0,0.5,0.5,1.0,1.0,1.0,0.5,2.0,1.0,1.0,0.5,2.0,1.0,1.0,1.0,60,44,2.0,40,54,55,6.9,0,poison,N/A
24,Arbok,1,60,1000000,"['Intimidate', 'Shed Skin', 'Unnerve']",0.5,1.0,1.0,1.0,0.5,0.5,1.0,1.0,1.0,0.5,2.0,1.0,1.0,0.5,2.0,1.0,1.0,1.0,95,69,3.5,65,79,80,65.0,0,poison,N/A
25,Pikachu,1,35,1000000,"['Static', 'Lightningrod']",1.0,1.0,1.0,0.5,1.0,1.0,1.0,0.5,1.0,1.0,2.0,1.0,1.0,1.0,1.0,1.0,0.5,1.0,55,40,0.4,50,50,90,6.0,0,electric,N/A
26,Raichu,1,60,1000000,"['Static', 'Lightningrod', 'Surge Surfer']",1.0,1.0,1.0,0.5,1.0,1.0,1.0,0.5,1.0,1.0,2.0,1.0,1.0,1.0,1.0,1.0,0.5,1.0,85,50,,95,85,110,,0,electric,N/A
27,Sandshrew,1,50,1000000,"['Sand Veil', 'Sand Rush', 'Snow Cloak', 'Slush Rush']",1.0,1.0,1.0,0.0,1.0,1.0,1.0,1.0,1.0,2.0,1.0,2.0,1.0,0.5,1.0,0.5,1.0,2.0,75,90,,10,35,40,,0,ground,N/A
28,Sandslash,1,75,1000000,"['Sand Veil', 'Sand Rush', 'Snow Cloak', 'Slush Rush']",1.0,1.0,1.0,0.0,1.0,1.0,1.0,1.0,1.0,2.0,1.0,2.0,1.0,0.5,1.0,0.5,1.0,2.0,100,120,,25,65,65,,0,ground,N/A
29,Nidoran-F,1,55,1059860,"['Poison Point', 'Rivalry', 'Hustle']",0.5,1.0,1.0,1.0,0.5,0.5,1.0,1.0,1.0,0.5,2.0,1.0,1.0,0.5,2.0,1.0,1.0,1.0,47,52,0.4,40,40,41,7.0,0,poison,N/A
30,Nidorina,1,70,1059860,"['Poison Point', 'Rivalry', 'Hustle']",0.5,1.0,1.0,1.0,0.5,0.5,1.0,1.0,1.0,0.5,2.0,1.0,1.0,0.5,2.0,1.0,1.0,1.0,62,67,0.8,55,55,56,20.0,0,poison,N/A
31,Nidoqueen,1,90,1059860,"['Poison Point', 'Rivalry', 'Sheer Force']",0.5,1.0,1.0,0.0,0.5,0.5,1.0,1.0,1.0,1.0,2.0,2.0,1.0,0.25,2.0,0.5,1.0,2.0,92,87,1.3,75,85,76,60.0,0,poison,ground
32,Nidoran-M,1,46,1059860,"['Poison Point', 'Rivalry', 'Hustle']",0.5,1.0,1.0,1.0,0.5,0.5,1.0,1.0,1.0,0.5,2.0,1.0,1.0,0.5,2.0,1.0,1.0,1.0,57,40,0.5,40,40,50,9.0,0,poison,N/A
33,Nidorino,1,61,1059860,"['Poison Point', 'Rivalry', 'Hustle']",0.5,1.0,1.0,1.0,0.5,0.5,1.0,1.0,1.0,0.5,2.0,1.0,1.0,0.5,2.0,1.0,1.0,1.0,72,57,0.9,55,55,65,19.5,0,poison,N/A
34,Nidoking,1,81,1059860,"['Poison Point', 'Rivalry', 'Sheer Force']",0.5,1.0,1.0,0.0,0.5,0.5,1.0,1.0,1.0,1.0,2.0,2.0,1.0,0.25,2.0,0.5,1.0,2.0,102,77,1.4,85,75,85,62.0,0,poison,ground
35,Clefairy,1,70,800000,"['Cute Charm', 'Magic Guard', 'Friend Guard']",0.5,0.5,0.0,1.0,1.0,0.5,1.0,1.0,1.0,1.0,1.0,1.0,1.0,2.0,1.0,1.0,2.0,1.0,45,48,0.6,60,65,35,7.5,0,fairy,N/A
36,Clefable,1,95,800000,"['Cute Charm', 'Magic Guard', 'Unaware']",0.5,0.5,0.0,1.0,1.0,0.5,1.0,1.0,1.0,1.0,1.0,1.0,1.0,2.0,1.0,1.0,2.0,1.0,70,73,1.3,95,90,60,40.0,0,fairy,N/A
37,Vulpix,1,38,1000000,"['Flash Fire', 'Drought', 'Snow Cloak', 'Snow Warning']",0.5,1.0,1.0,1.0,0.5,1.0,0.5,1.0,1.0,0.5,2.0,0.5,1.0,1.0,1.0,2.0,0.5,2.0,41,40,,50,65,65,,0,fire,N/A
38,Ninetales,1,73,1000000,"['Flash Fire', 'Drought', 'Snow Cloak', 'Snow Warning']",0.5,1.0,1.0,1.0,0.5,1.0,0.5,1.0,1.0,0.5,2.0,0.5,1.0,1.0,1.0,2.0,0.5,2.0,67,75,,81,100,109,,0,fire,N/A
39,Jigglypuff,1,115,800000,"['Cute Charm', 'Competitive', 'Friend Guard']",0.5,0.5,0.0,1.0,1.0,1.0,1.0,1.0,0.0,1.0,1.0,1.0,1.0,2.0,1.0,1.0,2.0,1.0,45,20,0.5,45,25,20,5.5,0,normal,fairy
40,Wigglytuff,1,140,800000,"['Cute Charm', 'Competitive', 'Frisk']",0.5,0.5,0.0,1.0,1.0,1.0,1.0,1.0,0.0,1.0,1.0,1.0,1.0,2.0,1.0,1.0,2.0,1.0,70,45,1.0,85,50,45,12.0,0,normal,fairy
41,Zubat,1,40,1000000,"['Inner Focus', 'Infiltrator']",0.25,1.0,1.0,2.0,0.5,0.25,1.0,1.0,1.0,0.25,0.0,2.0,1.0,0.5,2.0,2.0,1.0,1.0,45,35,0.8,30,40,55,7.5,0,poison,flying
42,Golbat,1,75,1000000,"['Inner Focus', 'Infiltrator']",0.25,1.0,1.0,2.0,0.5,0.25,1.0,1.0,1.0,0.25,0.0,2.0,1.0,0.5,2.0,2.0,1.0,1.0,80,70,1.6,65,75,90,55.0,0,poison,flying
43,Oddish,1,45,1059860,"['Chlorophyll', 'Run Away']",1.0,1.0,1.0,0.5,0.5,0.5,2.0,2.0,1.0,0.25,1.0,2.0,1.0,1.0,2.0,1.0,1.0,0.5,50,55,0.5,75,65,30,5.4,0,grass,poison
44,Gloom,1,60,1059860,"['Chlorophyll', 'Stench']",1.0,1.0,1.0,0.5,0.5,0.5,2.0,2.0,1.0,0.25,1.0,2.0,1.0,1.0,2.0,1.0,1.0,0.5,65,70,0.8,85,75,40,8.6,0,grass,poison
45,Vileplume,1,75,1059860,"['Chlorophyll', 'Effect Spore']",1.0,1.0,1.0,0.5,0.5,0.5,2.0,2.0,1.0,0.25,1.0,2.0,1.0,1.0,2.0,1.0,1.0,0.5,80,85,1.2,110,90,50,18.6,0,grass,poison
46,Paras,1,35,1000000,"['Effect Spore', 'Dry Skin', 'Damp']",2.0,1.0,1.0,0.5,1.0,0.5,4.0,4.0,1.0,0.25,0.25,2.0,1.0,2.0,1.0,2.0,1.0,0.5,70,55,0.3,45,55,25,5.4,0,bug,grass
47,Parasect,1,60,1000000,"['Effect Spore', 'Dry Skin', 'Damp']",2.0,1.0,1.0,0.5,1.0,0.5,4.0,4.0,1.0,0.25,0.25,2.0,1.0,2.0,1.0,2.0,1.0,0.5,95,80,1.0,60,80,30,29.5,0,bug,grass
48,Venonat,1,60,1000000,"['Compoundeyes', 'Tinted Lens', 'Run Away']",0.5,1.0,1.0,1.0,0.5,0.25,2.0,2.0,1.0,0.25,1.0,1.0,1.0,0.5,2.0,2.0,1.0,1.0,55,50,1.0,40,55,45,30.0,0,bug,poison
49,Venomoth,1,70,1000000,"['Shield Dust', 'Tinted Lens', 'Wonder Skin ']",0.5,1.0,1.0,1.0,0.5,0.25,2.0,2.0,1.0,0.25,1.0,1.0,1.0,0.5,2.0,2.0,1.0,1.0,65,60,1.5,90,75,90,12.5,0,bug,poison
50,Diglett,1,10,1000000,"['Sand Veil', 'Arena Trap', 'Sand Force', 'Sand Veil', 'Tangling Hair', 'Sand Force']",1.0,1.0,1.0,0.0,1.0,1.0,1.0,1.0,1.0,2.0,1.0,2.0,1.0,0.5,1.0,0.5,1.0,2.0,55,30,,35,45,90,,0,ground,N/A
51,Dugtrio,1,35,1000000,"['Sand Veil', 'Arena Trap', 'Sand Force', 'Sand Veil', 'Tangling Hair', 'Sand Force']",1.0,1.0,1.0,0.0,1.0,1.0,1.0,1.0,1.0,2.0,1.0,2.0,1.0,0.5,1.0,0.5,1.0,2.0,100,60,,50,70,110,,0,ground,N/A
52,Meowth,1,40,1000000,"['Pickup', 'Technician', 'Unnerve', 'Pickup', 'Technician', 'Rattled']",1.0,1.0,1.0,1.0,1.0,2.0,1.0,1.0,0.0,1.0,1.0,1.0,1.0,1.0,1.0,1.0,1.0,1.0,35,35,,50,40,90,,0,normal,N/A
53,Persian,1,65,1000000,"['Limber', 'Technician', 'Unnerve', 'Fur Coat', 'Technician', 'Rattled']",1.0,1.0,1.0,1.0,1.0,2.0,1.0,1.0,0.0,1.0,1.0,1.0,1.0,1.0,1.0,1.0,1.0,1.0,60,60,,75,65,115,,0,normal,N/A
54,Psyduck,1,50,1000000,"['Damp', 'Cloud Nine', 'Swift Swim']",1.0,1.0,1.0,2.0,1.0,1.0,0.5,1.0,1.0,2.0,1.0,0.5,1.0,1.0,1.0,1.0,0.5,0.5,52,48,0.8,65,50,55,19.6,0,water,N/A
55,Golduck,1,80,1000000,"['Damp', 'Cloud Nine', 'Swift Swim']",1.0,1.0,1.0,2.0,1.0,1.0,0.5,1.0,1.0,2.0,1.0,0.5,1.0,1.0,1.0,1.0,0.5,0.5,82,78,1.7,95,80,85,76.6,0,water,N/A
56,Mankey,1,40,1000000,"['Vital Spirit', 'Anger Point', 'Defiant']",0.5,0.5,1.0,1.0,2.0,1.0,1.0,2.0,1.0,1.0,1.0,1.0,1.0,1.0,2.0,0.5,1.0,1.0,80,35,0.5,35,45,70,28.0,0,fighting,N/A
57,Primeape,1,65,1000000,"['Vital Spirit', 'Anger Point', 'Defiant']",0.5,0.5,1.0,1.0,2.0,1.0,1.0,2.0,1.0,1.0,1.0,1.0,1.0,1.0,2.0,0.5,1.0,1.0,105,60,1.0,60,70,95,32.0,0,fighting,N/A
58,Growlithe,1,55,1250000,"['Intimidate', 'Flash Fire', 'Justified']",0.5,1.0,1.0,1.0,0.5,1.0,0.5,1.0,1.0,0.5,2.0,0.5,1.0,1.0,1.0,2.0,0.5,2.0,70,45,0.7,70,50,60,19.0,0,fire,N/A
59,Arcanine,1,90,1250000,"['Intimidate', 'Flash Fire', 'Justified']",0.5,1.0,1.0,1.0,0.5,1.0,0.5,1.0,1.0,0.5,2.0,0.5,1.0,1.0,1.0,2.0,0.5,2.0,110,80,1.9,100,80,95,155.0,0,fire,N/A
60,Poliwag,1,40,1059860,"['Water Absorb', 'Damp', 'Swift Swim']",1.0,1.0,1.0,2.0,1.0,1.0,0.5,1.0,1.0,2.0,1.0,0.5,1.0,1.0,1.0,1.0,0.5,0.5,50,40,0.6,40,40,90,12.4,0,water,N/A
61,Poliwhirl,1,65,1059860,"['Water Absorb', 'Damp', 'Swift Swim']",1.0,1.0,1.0,2.0,1.0,1.0,0.5,1.0,1.0,2.0,1.0,0.5,1.0,1.0,1.0,1.0,0.5,0.5,65,65,1.0,50,50,90,20.0,0,water,N/A
62,Poliwrath,1,90,1059860,"['Water Absorb', 'Damp', 'Swift Swim']",0.5,0.5,1.0,2.0,2.0,1.0,0.5,2.0,1.0,2.0,1.0,0.5,1.0,1.0,2.0,0.5,0.5,0.5,95,95,1.3,70,90,70,54.0,0,water,fighting
63,Abra,1,25,1059860,"['Synchronize', 'Inner Focus', 'Magic Guard']",2.0,2.0,1.0,1.0,1.0,0.5,1.0,1.0,2.0,1.0,1.0,1.0,1.0,1.0,0.5,1.0,1.0,1.0,20,15,0.9,105,55,90,19.5,0,psychic,N/A
64,Kadabra,1,40,1059860,"['Synchronize', 'Inner Focus', 'Magic Guard']",2.0,2.0,1.0,1.0,1.0,0.5,1.0,1.0,2.0,1.0,1.0,1.0,1.0,1.0,0.5,1.0,1.0,1.0,35,30,1.3,120,70,105,56.5,0,psychic,N/A
65,Alakazam,1,55,1059860,"['Synchronize', 'Inner Focus', 'Magic Guard']",2.0,2.0,1.0,1.0,1.0,0.5,1.0,1.0,2.0,1.0,1.0,1.0,1.0,1.0,0.5,1.0,1.0,1.0,50,65,1.5,175,105,150,48.0,0,psychic,N/A
66,Machop,1,70,1059860,"['Guts', 'No Guard', 'Steadfast']",0.5,0.5,1.0,1.0,2.0,1.0,1.0,2.0,1.0,1.0,1.0,1.0,1.0,1.0,2.0,0.5,1.0,1.0,80,50,0.8,35,35,35,19.5,0,fighting,N/A
67,Machoke,1,80,1059860,"['Guts', 'No Guard', 'Steadfast']",0.5,0.5,1.0,1.0,2.0,1.0,1.0,2.0,1.0,1.0,1.0,1.0,1.0,1.0,2.0,0.5,1.0,1.0,100,70,1.5,50,60,45,70.5,0,fighting,N/A
68,Machamp,1,90,1059860,"['Guts', 'No Guard', 'Steadfast']",0.5,0.5,1.0,1.0,2.0,1.0,1.0,2.0,1.0,1.0,1.0,1.0,1.0,1.0,2.0,0.5,1.0,1.0,130,80,1.6,65,85,55,130.0,0,fighting,N/A
69,Bellsprout,1,50,1059860,"['Chlorophyll', 'Gluttony']",1.0,1.0,1.0,0.5,0.5,0.5,2.0,2.0,1.0,0.25,1.0,2.0,1.0,1.0,2.0,1.0,1.0,0.5,75,35,0.7,70,30,40,4.0,0,grass,poison
70,Weepinbell,1,65,1059860,"['Chlorophyll', 'Gluttony']",1.0,1.0,1.0,0.5,0.5,0.5,2.0,2.0,1.0,0.25,1.0,2.0,1.0,1.0,2.0,1.0,1.0,0.5,90,50,1.0,85,45,55,6.4,0,grass,poison
71,Victreebel,1,80,1059860,"['Chlorophyll', 'Gluttony']",1.0,1.0,1.0,0.5,0.5,0.5,2.0,2.0,1.0,0.25,1.0,2.0,1.0,1.0,2.0,1.0,1.0,0.5,105,65,1.7,100,70,70,15.5,0,grass,poison
72,Tentacool,1,40,1250000,"['Clear Body', 'Liquid Ooze', 'Rain Dish']",0.5,1.0,1.0,2.0,0.5,0.5,0.5,1.0,1.0,1.0,2.0,0.5,1.0,0.5,2.0,1.0,0.5,0.5,40,35,0.9,50,100,70,45.5,0,water,poison
73,Tentacruel,1,80,1250000,"['Clear Body', 'Liquid Ooze', 'Rain Dish']",0.5,1.0,1.0,2.0,0.5,0.5,0.5,1.0,1.0,1.0,2.0,0.5,1.0,0.5,2.0,1.0,0.5,0.5,70,65,1.6,80,120,100,55.0,0,water,poison
74,Geodude,1,40,1059860,"['Rock Head', 'Sturdy', 'Sand Veil', 'Magnet Pull', 'Sturdy', 'Galvanize']",1.0,1.0,1.0,0.0,1.0,2.0,0.5,0.5,1.0,4.0,2.0,2.0,0.5,0.25,1.0,0.5,2.0,4.0,80,100,,30,30,20,,0,rock,ground
75,Graveler,1,55,1059860,"['Rock Head', 'Sturdy', 'Sand Veil', 'Magnet Pull', 'Sturdy', 'Galvanize']",1.0,1.0,1.0,0.0,1.0,2.0,0.5,0.5,1.0,4.0,2.0,2.0,0.5,0.25,1.0,0.5,2.0,4.0,95,115,,45,45,35,,0,rock,ground
76,Golem,1,80,1059860,"['Rock Head', 'Sturdy', 'Sand Veil', 'Magnet Pull', 'Sturdy', 'Galvanize']",1.0,1.0,1.0,0.0,1.0,2.0,0.5,0.5,1.0,4.0,2.0,2.0,0.5,0.25,1.0,0.5,2.0,4.0,120,130,,55,65,45,,0,rock,ground
77,Ponyta,1,50,1000000,"['Run Away', 'Flash Fire', 'Flame Body']",0.5,1.0,1.0,1.0,0.5,1.0,0.5,1.0,1.0,0.5,2.0,0.5,1.0,1.0,1.0,2.0,0.5,2.0,85,55,1.0,65,65,90,30.0,0,fire,N/A
78,Rapidash,1,65,1000000,"['Run Away', 'Flash Fire', 'Flame Body']",0.5,1.0,1.0,1.0,0.5,1.0,0.5,1.0,1.0,0.5,2.0,0.5,1.0,1.0,1.0,2.0,0.5,2.0,100,70,1.7,80,80,105,95.0,0,fire,N/A
79,Slowpoke,1,90,1000000,"['Oblivious', 'Own Tempo', 'Regenerator']",2.0,2.0,1.0,2.0,1.0,0.5,0.5,1.0,2.0,2.0,1.0,0.5,1.0,1.0,0.5,1.0,0.5,0.5,65,65,1.2,40,40,15,36.0,0,water,psychic
80,Slowbro,1,95,1000000,"['Oblivious', 'Own Tempo', 'Regenerator']",2.0,2.0,1.0,2.0,1.0,0.5,0.5,1.0,2.0,2.0,1.0,0.5,1.0,1.0,0.5,1.0,0.5,0.5,75,180,1.6,130,80,30,78.5,0,water,psychic
81,Magnemite,1,25,1000000,"['Magnet Pull', 'Sturdy', 'Analytic']",0.5,1.0,0.5,0.5,0.5,2.0,2.0,0.25,1.0,0.5,4.0,0.5,0.5,0.0,0.5,0.5,0.25,1.0,35,70,0.3,95,55,45,6.0,0,electric,steel
82,Magneton,1,50,1000000,"['Magnet Pull', 'Sturdy', 'Analytic']",0.5,1.0,0.5,0.5,0.5,2.0,2.0,0.25,1.0,0.5,4.0,0.5,0.5,0.0,0.5,0.5,0.25,1.0,60,95,1.0,120,70,70,60.0,0,electric,steel
83,Farfetchd,1,52,1000000,"['Keen Eye', 'Inner Focus', 'Defiant']",0.5,1.0,1.0,2.0,1.0,1.0,1.0,1.0,0.0,0.5,0.0,2.0,1.0,1.0,1.0,2.0,1.0,1.0,90,55,0.8,58,62,60,15.0,0,normal,flying
84,Doduo,1,35,1000000,"['Run Away', 'Early Bird', 'Tangled Feet']",0.5,1.0,1.0,2.0,1.0,1.0,1.0,1.0,0.0,0.5,0.0,2.0,1.0,1.0,1.0,2.0,1.0,1.0,85,45,1.4,35,35,75,39.2,0,normal,flying
85,Dodrio,1,60,1000000,"['Run Away', 'Early Bird', 'Tangled Feet']",0.5,1.0,1.0,2.0,1.0,1.0,1.0,1.0,0.0,0.5,0.0,2.0,1.0,1.0,1.0,2.0,1.0,1.0,110,70,1.8,60,60,110,85.2,0,normal,flying
86,Seel,1,65,1000000,"['Thick Fat', 'Hydration', 'Ice Body']",1.0,1.0,1.0,2.0,1.0,1.0,0.5,1.0,1.0,2.0,1.0,0.5,1.0,1.0,1.0,1.0,0.5,0.5,45,55,1.1,45,70,45,90.0,0,water,N/A
87,Dewgong,1,90,1000000,"['Thick Fat', 'Hydration', 'Ice Body']",1.0,1.0,1.0,2.0,1.0,2.0,1.0,1.0,1.0,2.0,1.0,0.25,1.0,1.0,1.0,2.0,1.0,0.5,70,80,1.7,70,95,70,120.0,0,water,ice
88,Grimer,1,80,1000000,"['Stench', 'Sticky Hold', 'Poison Touch', 'Poison Touch', 'Gluttony', 'Power of Alchemy']",0.5,1.0,1.0,1.0,0.5,0.5,1.0,1.0,1.0,0.5,2.0,1.0,1.0,0.5,2.0,1.0,1.0,1.0,80,50,,40,50,25,,0,poison,N/A
89,Muk,1,105,1000000,"['Stench', 'Sticky Hold', 'Poison Touch', 'Poison Touch', 'Gluttony', 'Power of Alchemy']",0.5,1.0,1.0,1.0,0.5,0.5,1.0,1.0,1.0,0.5,2.0,1.0,1.0,0.5,2.0,1.0,1.0,1.0,105,75,,65,100,50,,0,poison,N/A
90,Shellder,1,30,1250000,"['Shell Armor', 'Skill Link', 'Overcoat']",1.0,1.0,1.0,2.0,1.0,1.0,0.5,1.0,1.0,2.0,1.0,0.5,1.0,1.0,1.0,1.0,0.5,0.5,65,100,0.3,45,25,40,4.0,0,water,N/A
91,Cloyster,1,50,1250000,"['Shell Armor', 'Skill Link', 'Overcoat']",1.0,1.0,1.0,2.0,1.0,2.0,1.0,1.0,1.0,2.0,1.0,0.25,1.0,1.0,1.0,2.0,1.0,0.5,95,180,1.5,85,45,70,132.5,0,water,ice
92,Gastly,1,30,1059860,['Levitate'],0.25,2.0,1.0,1.0,0.5,0.0,1.0,1.0,2.0,0.5,2.0,1.0,0.0,0.25,2.0,1.0,1.0,1.0,35,30,1.3,100,35,80,0.1,0,ghost,poison
93,Haunter,1,45,1059860,['Levitate'],0.25,2.0,1.0,1.0,0.5,0.0,1.0,1.0,2.0,0.5,2.0,1.0,0.0,0.25,2.0,1.0,1.0,1.0,50,45,1.6,115,55,95,0.1,0,ghost,poison
94,Gengar,1,60,1059860,['Cursed Body'],0.25,2.0,1.0,1.0,0.5,0.0,1.0,1.0,2.0,0.5,2.0,1.0,0.0,0.25,2.0,1.0,1.0,1.0,65,80,1.5,170,95,130,40.5,0,ghost,poison
95,Onix,1,35,1000000,"['Rock Head', 'Sturdy', 'Weak Armor']",1.0,1.0,1.0,0.0,1.0,2.0,0.5,0.5,1.0,4.0,2.0,2.0,0.5,0.25,1.0,0.5,2.0,4.0,45,160,8.8,30,45,70,210.0,0,rock,ground
96,Drowzee,1,60,1000000,"['Insomnia', 'Forewarn', 'Inner Focus']",2.0,2.0,1.0,1.0,1.0,0.5,1.0,1.0,2.0,1.0,1.0,1.0,1.0,1.0,0.5,1.0,1.0,1.0,48,45,1.0,43,90,42,32.4,0,psychic,N/A
97,Hypno,1,85,1000000,"['Insomnia', 'Forewarn', 'Inner Focus']",2.0,2.0,1.0,1.0,1.0,0.5,1.0,1.0,2.0,1.0,1.0,1.0,1.0,1.0,0.5,1.0,1.0,1.0,73,70,1.6,73,115,67,75.6,0,psychic,N/A
98,Krabby,1,30,1000000,"['Hyper Cutter', 'Shell Armor', 'Sheer Force']",1.0,1.0,1.0,2.0,1.0,1.0,0.5,1.0,1.0,2.0,1.0,0.5,1.0,1.0,1.0,1.0,0.5,0.5,105,90,0.4,25,25,50,6.5,0,water,N/A
99,Kingler,1,55,1000000,"['Hyper Cutter', 'Shell Armor', 'Sheer Force']",1.0,1.0,1.0,2.0,1.0,1.0,0.5,1.0,1.0,2.0,1.0,0.5,1.0,1.0,1.0,1.0,0.5,0.5,130,115,1.3,50,50,75,60.0,0,water,N/A
100,Voltorb,1,40,1000000,"['Soundproof', 'Static', 'Aftermath']",1.0,1.0,1.0,0.5,1.0,1.0,1.0,0.5,1.0,1.0,2.0,1.0,1.0,1.0,1.0,1.0,0.5,1.0,30,50,0.5,55,55,100,10.4,0,electric,N/A
101,Electrode,1,60,1000000,"['Soundproof', 'Static', 'Aftermath']",1.0,1.0,1.0,0.5,1.0,1.0,1.0,0.5,1.0,1.0,2.0,1.0,1.0,1.0,1.0,1.0,0.5,1.0,50,70,1.2,80,80,150,66.6,0,electric,N/A
102,Exeggcute,1,60,1250000,"['Chlorophyll', 'Harvest']",4.0,2.0,1.0,0.5,1.0,0.5,2.0,2.0,2.0,0.5,0.5,2.0,1.0,2.0,0.5,1.0,1.0,0.5,40,80,0.4,60,45,40,2.5,0,grass,psychic
103,Exeggutor,1,95,1250000,"['Chlorophyll', 'Harvest', 'Frisk', 'Harvest']",4.0,2.0,1.0,0.5,1.0,0.5,2.0,2.0,2.0,0.5,0.5,2.0,1.0,2.0,0.5,1.0,1.0,0.5,105,85,,125,75,45,,0,grass,psychic
104,Cubone,1,50,1000000,"['Rock Head', 'Lightningrod', 'Battle Armor']",1.0,1.0,1.0,0.0,1.0,1.0,1.0,1.0,1.0,2.0,1.0,2.0,1.0,0.5,1.0,0.5,1.0,2.0,50,95,0.4,40,50,35,6.5,0,ground,N/A
105,Marowak,1,60,1000000,"['Rock Head', 'Lightningrod', 'Battle Armor', 'Cursed Body', 'Lightningrod', 'Rock Head']",1.0,1.0,1.0,0.0,1.0,1.0,1.0,1.0,1.0,2.0,1.0,2.0,1.0,0.5,1.0,0.5,1.0,2.0,80,110,,50,80,45,,0,ground,N/A
106,Hitmonlee,1,50,1000000,"['Limber', 'Reckless', 'Unburden']",0.5,0.5,1.0,1.0,2.0,1.0,1.0,2.0,1.0,1.0,1.0,1.0,1.0,1.0,2.0,0.5,1.0,1.0,120,53,1.5,35,110,87,49.8,0,fighting,N/A
107,Hitmonchan,1,50,1000000,"['Keen Eye', 'Iron Fist', 'Inner Focus']",0.5,0.5,1.0,1.0,2.0,1.0,1.0,2.0,1.0,1.0,1.0,1.0,1.0,1.0,2.0,0.5,1.0,1.0,105,79,1.4,35,110,76,50.2,0,fighting,N/A
108,Lickitung,1,90,1000000,"['Own Tempo', 'Oblivious', 'Cloud Nine']",1.0,1.0,1.0,1.0,1.0,2.0,1.0,1.0,0.0,1.0,1.0,1.0,1.0,1.0,1.0,1.0,1.0,1.0,55,75,1.2,60,75,30,65.5,0,normal,N/A
109,Koffing,1,40,1000000,['Levitate'],0.5,1.0,1.0,1.0,0.5,0.5,1.0,1.0,1.0,0.5,2.0,1.0,1.0,0.5,2.0,1.0,1.0,1.0,65,95,0.6,60,45,35,1.0,0,poison,N/A
110,Weezing,1,65,1000000,['Levitate'],0.5,1.0,1.0,1.0,0.5,0.5,1.0,1.0,1.0,0.5,2.0,1.0,1.0,0.5,2.0,1.0,1.0,1.0,90,120,1.2,85,70,60,9.5,0,poison,N/A
111,Rhyhorn,1,80,1250000,"['Lightningrod', 'Rock Head', 'Reckless']",1.0,1.0,1.0,0.0,1.0,2.0,0.5,0.5,1.0,4.0,2.0,2.0,0.5,0.25,1.0,0.5,2.0,4.0,85,95,1.0,30,30,25,115.0,0,ground,rock
112,Rhydon,1,105,1250000,"['Lightningrod', 'Rock Head', 'Reckless']",1.0,1.0,1.0,0.0,1.0,2.0,0.5,0.5,1.0,4.0,2.0,2.0,0.5,0.25,1.0,0.5,2.0,4.0,130,120,1.9,45,45,40,120.0,0,ground,rock
113,Chansey,1,250,800000,"['Natural Cure', 'Serene Grace', 'Healer']",1.0,1.0,1.0,1.0,1.0,2.0,1.0,1.0,0.0,1.0,1.0,1.0,1.0,1.0,1.0,1.0,1.0,1.0,5,5,1.1,35,105,50,34.6,0,normal,N/A
114,Tangela,1,65,1000000,"['Chlorophyll', 'Leaf Guard', 'Regenerator']",2.0,1.0,1.0,0.5,1.0,1.0,2.0,2.0,1.0,0.5,0.5,2.0,1.0,2.0,1.0,1.0,1.0,0.5,55,115,1.0,100,40,60,35.0,0,grass,N/A
115,Kangaskhan,1,105,1000000,"['Early Bird', 'Scrappy', 'Inner Focus']",1.0,1.0,1.0,1.0,1.0,2.0,1.0,1.0,0.0,1.0,1.0,1.0,1.0,1.0,1.0,1.0,1.0,1.0,125,100,2.2,60,100,100,80.0,0,normal,N/A
116,Horsea,1,30,1000000,"['Swift Swim', 'Sniper', 'Damp']",1.0,1.0,1.0,2.0,1.0,1.0,0.5,1.0,1.0,2.0,1.0,0.5,1.0,1.0,1.0,1.0,0.5,0.5,40,70,0.4,70,25,60,8.0,0,water,N/A
117,Seadra,1,55,1000000,"['Poison Point', 'Sniper', 'Damp']",1.0,1.0,1.0,2.0,1.0,1.0,0.5,1.0,1.0,2.0,1.0,0.5,1.0,1.0,1.0,1.0,0.5,0.5,65,95,1.2,95,45,85,25.0,0,water,N/A
118,Goldeen,1,45,1000000,"['Swift Swim', 'Water Veil', 'Lightningrod']",1.0,1.0,1.0,2.0,1.0,1.0,0.5,1.0,1.0,2.0,1.0,0.5,1.0,1.0,1.0,1.0,0.5,0.5,67,60,0.6,35,50,63,15.0,0,water,N/A
119,Seaking,1,80,1000000,"['Swift Swim', 'Water Veil', 'Lightningrod']",1.0,1.0,1.0,2.0,1.0,1.0,0.5,1.0,1.0,2.0,1.0,0.5,1.0,1.0,1.0,1.0,0.5,0.5,92,65,1.3,65,80,68,39.0,0,water,N/A
120,Staryu,1,30,1250000,"['Illuminate', 'Natural Cure', 'Analytic']",1.0,1.0,1.0,2.0,1.0,1.0,0.5,1.0,1.0,2.0,1.0,0.5,1.0,1.0,1.0,1.0,0.5,0.5,45,55,0.8,70,55,85,34.5,0,water,N/A
121,Starmie,1,60,1250000,"['Illuminate', 'Natural Cure', 'Analytic']",2.0,2.0,1.0,2.0,1.0,0.5,0.5,1.0,2.0,2.0,1.0,0.5,1.0,1.0,0.5,1.0,0.5,0.5,75,85,1.1,100,85,115,80.0,0,water,psychic
122,Mr-Mime,1,40,1000000,"['Soundproof', 'Filter', 'Technician']",1.0,1.0,0.0,1.0,1.0,0.25,1.0,1.0,2.0,1.0,1.0,1.0,1.0,2.0,0.5,1.0,2.0,1.0,45,65,1.3,100,120,90,54.5,0,psychic,fairy
123,Scyther,1,70,1000000,"['Swarm', 'Technician', 'Steadfast']",0.5,1.0,1.0,2.0,1.0,0.25,2.0,2.0,1.0,0.25,0.0,2.0,1.0,1.0,1.0,4.0,1.0,1.0,110,80,1.5,55,80,105,56.0,0,bug,flying
124,Jynx,1,65,1000000,"['Oblivious', 'Forewarn', 'Dry Skin']",2.0,2.0,1.0,1.0,1.0,1.0,2.0,1.0,2.0,1.0,1.0,0.5,1.0,1.0,0.5,2.0,2.0,1.0,50,35,1.4,115,95,95,40.6,0,ice,psychic
125,Electabuzz,1,65,1000000,"['Static', 'Vital Spirit']",1.0,1.0,1.0,0.5,1.0,1.0,1.0,0.5,1.0,1.0,2.0,1.0,1.0,1.0,1.0,1.0,0.5,1.0,83,57,1.1,95,85,105,30.0,0,electric,N/A
126,Magmar,1,65,1000000,"['Flame Body', 'Vital Spirit']",0.5,1.0,1.0,1.0,0.5,1.0,0.5,1.0,1.0,0.5,2.0,0.5,1.0,1.0,1.0,2.0,0.5,2.0,95,57,1.3,100,85,93,44.5,0,fire,N/A
127,Pinsir,1,65,1250000,"['Hyper Cutter', 'Mold Breaker', 'Moxie']",1.0,1.0,1.0,1.0,1.0,0.5,2.0,2.0,1.0,0.5,0.5,1.0,1.0,1.0,1.0,2.0,1.0,1.0,155,120,1.5,65,90,105,55.0,0,bug,N/A
128,Tauros,1,75,1250000,"['Intimidate', 'Anger Point', 'Sheer Force']",1.0,1.0,1.0,1.0,1.0,2.0,1.0,1.0,0.0,1.0,1.0,1.0,1.0,1.0,1.0,1.0,1.0,1.0,100,95,1.4,40,70,110,88.4,0,normal,N/A
129,Magikarp,1,20,1250000,"['Swift Swim', 'Rattled']",1.0,1.0,1.0,2.0,1.0,1.0,0.5,1.0,1.0,2.0,1.0,0.5,1.0,1.0,1.0,1.0,0.5,0.5,10,55,0.9,15,20,80,10.0,0,water,N/A
130,Gyarados,1,95,1250000,"['Intimidate', 'Moxie']",0.5,1.0,1.0,4.0,1.0,0.5,0.5,1.0,1.0,1.0,0.0,1.0,1.0,1.0,1.0,2.0,0.5,0.5,155,109,6.5,70,130,81,235.0,0,water,flying
131,Lapras,1,130,1250000,"['Water Absorb', 'Shell Armor', 'Hydration']",1.0,1.0,1.0,2.0,1.0,2.0,1.0,1.0,1.0,2.0,1.0,0.25,1.0,1.0,1.0,2.0,1.0,0.5,85,80,2.5,85,95,60,220.0,0,water,ice
132,Ditto,1,48,1000000,"['Limber', 'Imposter']",1.0,1.0,1.0,1.0,1.0,2.0,1.0,1.0,0.0,1.0,1.0,1.0,1.0,1.0,1.0,1.0,1.0,1.0,48,48,0.3,48,48,48,4.0,0,normal,N/A
133,Eevee,1,55,1000000,"['Run Away', 'Adaptability', 'Anticipation']",1.0,1.0,1.0,1.0,1.0,2.0,1.0,1.0,0.0,1.0,1.0,1.0,1.0,1.0,1.0,1.0,1.0,1.0,55,50,0.3,45,65,55,6.5,0,normal,N/A
134,Vaporeon,1,130,1000000,"['Water Absorb', 'Hydration']",1.0,1.0,1.0,2.0,1.0,1.0,0.5,1.0,1.0,2.0,1.0,0.5,1.0,1.0,1.0,1.0,0.5,0.5,65,60,1.0,110,95,65,29.0,0,water,N/A
135,Jolteon,1,65,1000000,"['Volt Absorb', 'Quick Feet']",1.0,1.0,1.0,0.5,1.0,1.0,1.0,0.5,1.0,1.0,2.0,1.0,1.0,1.0,1.0,1.0,0.5,1.0,65,60,0.8,110,95,130,24.5,0,electric,N/A
136,Flareon,1,65,1000000,"['Flash Fire', 'Guts']",0.5,1.0,1.0,1.0,0.5,1.0,0.5,1.0,1.0,0.5,2.0,0.5,1.0,1.0,1.0,2.0,0.5,2.0,130,60,0.9,95,110,65,25.0,0,fire,N/A
137,Porygon,1,65,1000000,"['Trace', 'Download', 'Analytic']",1.0,1.0,1.0,1.0,1.0,2.0,1.0,1.0,0.0,1.0,1.0,1.0,1.0,1.0,1.0,1.0,1.0,1.0,60,70,0.8,85,75,40,36.5,0,normal,N/A
138,Omanyte,1,35,1000000,"['Swift Swim', 'Shell Armor', 'Weak Armor']",1.0,1.0,1.0,2.0,1.0,2.0,0.25,0.5,1.0,4.0,2.0,0.5,0.5,0.5,1.0,1.0,1.0,1.0,40,100,0.4,90,55,35,7.5,0,rock,water
139,Omastar,1,70,1000000,"['Swift Swim', 'Shell Armor', 'Weak Armor']",1.0,1.0,1.0,2.0,1.0,2.0,0.25,0.5,1.0,4.0,2.0,0.5,0.5,0.5,1.0,1.0,1.0,1.0,60,125,1.0,115,70,55,35.0,0,rock,water
140,Kabuto,1,30,1000000,"['Swift Swim', 'Battle Armor', 'Weak Armor']",1.0,1.0,1.0,2.0,1.0,2.0,0.25,0.5,1.0,4.0,2.0,0.5,0.5,0.5,1.0,1.0,1.0,1.0,80,90,0.5,55,45,55,11.5,0,rock,water
141,Kabutops,1,60,1000000,"['Swift Swim', 'Battle Armor', 'Weak Armor']",1.0,1.0,1.0,2.0,1.0,2.0,0.25,0.5,1.0,4.0,2.0,0.5,0.5,0.5,1.0,1.0,1.0,1.0,115,105,1.3,65,70,80,40.5,0,rock,water
142,Aerodactyl,1,80,1250000,"['Rock Head', 'Pressure', 'Unnerve']",0.5,1.0,1.0,2.0,1.0,1.0,0.5,0.5,1.0,1.0,0.0,2.0,0.5,0.5,1.0,2.0,2.0,2.0,135,85,1.8,70,95,150,59.0,0,rock,flying
143,Snorlax,1,160,1250000,"['Immunity', 'Thick Fat', 'Gluttony']",1.0,1.0,1.0,1.0,1.0,2.0,1.0,1.0,0.0,1.0,1.0,1.0,1.0,1.0,1.0,1.0,1.0,1.0,110,65,2.1,65,110,30,460.0,0,normal,N/A
144,Articuno,1,90,1250000,"['Pressure', 'Snow Cloak']",0.5,1.0,1.0,2.0,1.0,1.0,2.0,1.0,1.0,0.5,0.0,1.0,1.0,1.0,1.0,4.0,2.0,1.0,85,100,1.7,95,125,85,55.4,1,ice,flying
145,Zapdos,1,90,1250000,"['Pressure', 'Static']",0.5,1.0,1.0,1.0,1.0,0.5,1.0,0.5,1.0,0.5,0.0,2.0,1.0,1.0,1.0,2.0,0.5,1.0,90,85,1.6,125,90,100,52.6,1,electric,flying
146,Moltres,1,90,1250000,"['Pressure', 'Flame Body']",0.25,1.0,1.0,2.0,0.5,0.5,0.5,1.0,1.0,0.25,0.0,1.0,1.0,1.0,1.0,4.0,0.5,2.0,100,90,2.0,125,85,90,60.0,1,fire,flying
147,Dratini,1,41,1250000,"['Shed Skin', 'Marvel Scale']",1.0,1.0,2.0,0.5,2.0,1.0,0.5,1.0,1.0,0.5,1.0,2.0,1.0,1.0,1.0,1.0,1.0,0.5,64,45,1.8,50,50,50,3.3,0,dragon,N/A
148,Dragonair,1,61,1250000,"['Shed Skin', 'Marvel Scale']",1.0,1.0,2.0,0.5,2.0,1.0,0.5,1.0,1.0,0.5,1.0,2.0,1.0,1.0,1.0,1.0,1.0,0.5,84,65,4.0,70,70,70,16.5,0,dragon,N/A
149,Dragonite,1,91,1250000,"['Inner Focus', 'Multiscale']",0.5,1.0,2.0,1.0,2.0,0.5,0.5,1.0,1.0,0.25,0.0,4.0,1.0,1.0,1.0,2.0,1.0,0.5,134,95,2.2,100,100,80,210.0,0,dragon,flying
150,Mewtwo,1,106,1250000,"['Pressure', 'Unnerve']",2.0,2.0,1.0,1.0,1.0,0.5,1.0,1.0,2.0,1.0,1.0,1.0,1.0,1.0,0.5,1.0,1.0,1.0,150,70,2.0,194,120,140,122.0,1,psychic,N/A
151,Mew,1,100,1059860,['Synchronize'],2.0,2.0,1.0,1.0,1.0,0.5,1.0,1.0,2.0,1.0,1.0,1.0,1.0,1.0,0.5,1.0,1.0,1.0,100,100,0.4,100,100,100,4.0,1,psychic,N/A
152,Chikorita,2,45,1059860,"['Overgrow', 'Leaf Guard']",2.0,1.0,1.0,0.5,1.0,1.0,2.0,2.0,1.0,0.5,0.5,2.0,1.0,2.0,1.0,1.0,1.0,0.5,49,65,0.9,49,65,45,6.4,0,grass,N/A
153,Bayleef,2,60,1059860,"['Overgrow', 'Leaf Guard']",2.0,1.0,1.0,0.5,1.0,1.0,2.0,2.0,1.0,0.5,0.5,2.0,1.0,2.0,1.0,1.0,1.0,0.5,62,80,1.2,63,80,60,15.8,0,grass,N/A
154,Meganium,2,80,1059860,"['Overgrow', 'Leaf Guard']",2.0,1.0,1.0,0.5,1.0,1.0,2.0,2.0,1.0,0.5,0.5,2.0,1.0,2.0,1.0,1.0,1.0,0.5,82,100,1.8,83,100,80,100.5,0,grass,N/A
155,Cyndaquil,2,39,1059860,"['Blaze', 'Flash Fire']",0.5,1.0,1.0,1.0,0.5,1.0,0.5,1.0,1.0,0.5,2.0,0.5,1.0,1.0,1.0,2.0,0.5,2.0,52,43,0.5,60,50,65,7.9,0,fire,N/A
156,Quilava,2,58,1059860,"['Blaze', 'Flash Fire']",0.5,1.0,1.0,1.0,0.5,1.0,0.5,1.0,1.0,0.5,2.0,0.5,1.0,1.0,1.0,2.0,0.5,2.0,64,58,0.9,80,65,80,19.0,0,fire,N/A
157,Typhlosion,2,78,1059860,"['Blaze', 'Flash Fire']",0.5,1.0,1.0,1.0,0.5,1.0,0.5,1.0,1.0,0.5,2.0,0.5,1.0,1.0,1.0,2.0,0.5,2.0,84,78,1.7,109,85,100,79.5,0,fire,N/A
158,Totodile,2,50,1059860,"['Torrent', 'Sheer Force']",1.0,1.0,1.0,2.0,1.0,1.0,0.5,1.0,1.0,2.0,1.0,0.5,1.0,1.0,1.0,1.0,0.5,0.5,65,64,0.6,44,48,43,9.5,0,water,N/A
159,Croconaw,2,65,1059860,"['Torrent', 'Sheer Force']",1.0,1.0,1.0,2.0,1.0,1.0,0.5,1.0,1.0,2.0,1.0,0.5,1.0,1.0,1.0,1.0,0.5,0.5,80,80,1.1,59,63,58,25.0,0,water,N/A
160,Feraligatr,2,85,1059860,"['Torrent', 'Sheer Force']",1.0,1.0,1.0,2.0,1.0,1.0,0.5,1.0,1.0,2.0,1.0,0.5,1.0,1.0,1.0,1.0,0.5,0.5,105,100,2.3,79,83,78,88.8,0,water,N/A
161,Sentret,2,35,1000000,"['Run Away', 'Keen Eye', 'Frisk']",1.0,1.0,1.0,1.0,1.0,2.0,1.0,1.0,0.0,1.0,1.0,1.0,1.0,1.0,1.0,1.0,1.0,1.0,46,34,0.8,35,45,20,6.0,0,normal,N/A
162,Furret,2,85,1000000,"['Run Away', 'Keen Eye', 'Frisk']",1.0,1.0,1.0,1.0,1.0,2.0,1.0,1.0,0.0,1.0,1.0,1.0,1.0,1.0,1.0,1.0,1.0,1.0,76,64,1.8,45,55,90,32.5,0,normal,N/A
163,Hoothoot,2,60,1000000,"['Insomnia', 'Keen Eye', 'Tinted Lens']",0.5,1.0,1.0,2.0,1.0,1.0,1.0,1.0,0.0,0.5,0.0,2.0,1.0,1.0,1.0,2.0,1.0,1.0,30,30,0.7,36,56,50,21.2,0,normal,flying
164,Noctowl,2,100,1000000,"['Insomnia', 'Keen Eye', 'Tinted Lens']",0.5,1.0,1.0,2.0,1.0,1.0,1.0,1.0,0.0,0.5,0.0,2.0,1.0,1.0,1.0,2.0,1.0,1.0,50,50,1.6,86,96,70,40.8,0,normal,flying
165,Ledyba,2,40,800000,"['Swarm', 'Early Bird', 'Rattled']",0.5,1.0,1.0,2.0,1.0,0.25,2.0,2.0,1.0,0.25,0.0,2.0,1.0,1.0,1.0,4.0,1.0,1.0,20,30,1.0,40,80,55,10.8,0,bug,flying
166,Ledian,2,55,800000,"['Swarm', 'Early Bird', 'Iron Fist']",0.5,1.0,1.0,2.0,1.0,0.25,2.0,2.0,1.0,0.25,0.0,2.0,1.0,1.0,1.0,4.0,1.0,1.0,35,50,1.4,55,110,85,35.6,0,bug,flying
167,Spinarak,2,40,800000,"['Swarm', 'Insomnia', 'Sniper']",0.5,1.0,1.0,1.0,0.5,0.25,2.0,2.0,1.0,0.25,1.0,1.0,1.0,0.5,2.0,2.0,1.0,1.0,60,40,0.5,40,40,30,8.5,0,bug,poison
168,Ariados,2,70,800000,"['Swarm', 'Insomnia', 'Sniper']",0.5,1.0,1.0,1.0,0.5,0.25,2.0,2.0,1.0,0.25,1.0,1.0,1.0,0.5,2.0,2.0,1.0,1.0,90,70,1.1,60,70,40,33.5,0,bug,poison
169,Crobat,2,85,1000000,"['Inner Focus', 'Infiltrator']",0.25,1.0,1.0,2.0,0.5,0.25,1.0,1.0,1.0,0.25,0.0,2.0,1.0,0.5,2.0,2.0,1.0,1.0,90,80,1.8,70,80,130,75.0,0,poison,flying
170,Chinchou,2,75,1250000,"['Volt Absorb', 'Illuminate', 'Water Absorb']",1.0,1.0,1.0,1.0,1.0,1.0,0.5,0.5,1.0,2.0,2.0,0.5,1.0,1.0,1.0,1.0,0.25,0.5,38,38,0.5,56,56,67,12.0,0,water,electric
171,Lanturn,2,125,1250000,"['Volt Absorb', 'Illuminate', 'Water Absorb']",1.0,1.0,1.0,1.0,1.0,1.0,0.5,0.5,1.0,2.0,2.0,0.5,1.0,1.0,1.0,1.0,0.25,0.5,58,58,1.2,76,76,67,22.5,0,water,electric
172,Pichu,2,20,1000000,"['Static', 'Lightningrod']",1.0,1.0,1.0,0.5,1.0,1.0,1.0,0.5,1.0,1.0,2.0,1.0,1.0,1.0,1.0,1.0,0.5,1.0,40,15,0.3,35,35,60,2.0,0,electric,N/A
173,Cleffa,2,50,800000,"['Cute Charm', 'Magic Guard', 'Friend Guard']",0.5,0.5,0.0,1.0,1.0,0.5,1.0,1.0,1.0,1.0,1.0,1.0,1.0,2.0,1.0,1.0,2.0,1.0,25,28,0.3,45,55,15,3.0,0,fairy,N/A
174,Igglybuff,2,90,800000,"['Cute Charm', 'Competitive', 'Friend Guard']",0.5,0.5,0.0,1.0,1.0,1.0,1.0,1.0,0.0,1.0,1.0,1.0,1.0,2.0,1.0,1.0,2.0,1.0,30,15,0.3,40,20,15,1.0,0,normal,fairy
175,Togepi,2,35,800000,"['Hustle', 'Serene Grace', 'Super Luck']",0.5,0.5,0.0,1.0,1.0,0.5,1.0,1.0,1.0,1.0,1.0,1.0,1.0,2.0,1.0,1.0,2.0,1.0,20,65,0.3,40,65,20,1.5,0,fairy,N/A
176,Togetic,2,55,800000,"['Hustle', 'Serene Grace', 'Super Luck']",0.25,0.5,0.0,2.0,1.0,0.25,1.0,1.0,1.0,0.5,0.0,2.0,1.0,2.0,1.0,2.0,2.0,1.0,40,85,0.6,80,105,40,3.2,0,fairy,flying
177,Natu,2,40,1000000,"['Synchronize', 'Early Bird', 'Magic Bounce']",1.0,2.0,1.0,2.0,1.0,0.25,1.0,1.0,2.0,0.5,0.0,2.0,1.0,1.0,0.5,2.0,1.0,1.0,50,45,0.2,70,45,70,2.0,0,psychic,flying
178,Xatu,2,65,1000000,"['Synchronize', 'Early Bird', 'Magic Bounce']",1.0,2.0,1.0,2.0,1.0,0.25,1.0,1.0,2.0,0.5,0.0,2.0,1.0,1.0,0.5,2.0,1.0,1.0,75,70,1.5,95,70,95,15.0,0,psychic,flying
179,Mareep,2,55,1059860,"['Static', 'Plus']",1.0,1.0,1.0,0.5,1.0,1.0,1.0,0.5,1.0,1.0,2.0,1.0,1.0,1.0,1.0,1.0,0.5,1.0,40,40,0.6,65,45,35,7.8,0,electric,N/A
180,Flaaffy,2,70,1059860,"['Static', 'Plus']",1.0,1.0,1.0,0.5,1.0,1.0,1.0,0.5,1.0,1.0,2.0,1.0,1.0,1.0,1.0,1.0,0.5,1.0,55,55,0.8,80,60,45,13.3,0,electric,N/A
181,Ampharos,2,90,1059860,"['Static', 'Plus']",1.0,1.0,1.0,0.5,1.0,1.0,1.0,0.5,1.0,1.0,2.0,1.0,1.0,1.0,1.0,1.0,0.5,1.0,95,105,1.4,165,110,45,61.5,0,electric,N/A
182,Bellossom,2,75,1059860,"['Chlorophyll', 'Healer']",2.0,1.0,1.0,0.5,1.0,1.0,2.0,2.0,1.0,0.5,0.5,2.0,1.0,2.0,1.0,1.0,1.0,0.5,80,95,0.4,90,100,50,5.8,0,grass,N/A
183,Marill,2,70,800000,"['Thick Fat', 'Huge Power', 'Sap Sipper']",0.5,0.5,0.0,2.0,1.0,0.5,0.5,1.0,1.0,2.0,1.0,0.5,1.0,2.0,1.0,1.0,1.0,0.5,20,50,0.4,20,50,40,8.5,0,water,fairy
184,Azumarill,2,100,800000,"['Thick Fat', 'Huge Power', 'Sap Sipper']",0.5,0.5,0.0,2.0,1.0,0.5,0.5,1.0,1.0,2.0,1.0,0.5,1.0,2.0,1.0,1.0,1.0,0.5,50,80,0.8,60,80,50,28.5,0,water,fairy
185,Sudowoodo,2,70,1000000,"['Sturdy', 'Rock Head', 'Rattled']",1.0,1.0,1.0,1.0,1.0,2.0,0.5,0.5,1.0,2.0,2.0,1.0,0.5,0.5,1.0,1.0,2.0,2.0,100,115,1.2,30,65,30,38.0,0,rock,N/A
186,Politoed,2,90,1059860,"['Water Absorb', 'Damp', 'Drizzle']",1.0,1.0,1.0,2.0,1.0,1.0,0.5,1.0,1.0,2.0,1.0,0.5,1.0,1.0,1.0,1.0,0.5,0.5,75,75,1.1,90,100,70,33.9,0,water,N/A
187,Hoppip,2,35,1059860,"['Chlorophyll', 'Leaf Guard', 'Infiltrator']",1.0,1.0,1.0,1.0,1.0,0.5,2.0,2.0,1.0,0.25,0.0,4.0,1.0,2.0,1.0,2.0,1.0,0.5,35,40,0.4,35,55,50,0.5,0,grass,flying
188,Skiploom,2,55,1059860,"['Chlorophyll', 'Leaf Guard', 'Infiltrator']",1.0,1.0,1.0,1.0,1.0,0.5,2.0,2.0,1.0,0.25,0.0,4.0,1.0,2.0,1.0,2.0,1.0,0.5,45,50,0.6,45,65,80,1.0,0,grass,flying
189,Jumpluff,2,75,1059860,"['Chlorophyll', 'Leaf Guard', 'Infiltrator']",1.0,1.0,1.0,1.0,1.0,0.5,2.0,2.0,1.0,0.25,0.0,4.0,1.0,2.0,1.0,2.0,1.0,0.5,55,70,0.8,55,95,110,3.0,0,grass,flying
190,Aipom,2,55,800000,"['Run Away', 'Pickup', 'Skill Link']",1.0,1.0,1.0,1.0,1.0,2.0,1.0,1.0,0.0,1.0,1.0,1.0,1.0,1.0,1.0,1.0,1.0,1.0,70,55,0.8,40,55,85,11.5,0,normal,N/A
191,Sunkern,2,30,1059860,"['Chlorophyll', 'Solar Power', 'Early Bird']",2.0,1.0,1.0,0.5,1.0,1.0,2.0,2.0,1.0,0.5,0.5,2.0,1.0,2.0,1.0,1.0,1.0,0.5,30,30,0.3,30,30,30,1.8,0,grass,N/A
192,Sunflora,2,75,1059860,"['Chlorophyll', 'Solar Power', 'Early Bird']",2.0,1.0,1.0,0.5,1.0,1.0,2.0,2.0,1.0,0.5,0.5,2.0,1.0,2.0,1.0,1.0,1.0,0.5,75,55,0.8,105,85,30,8.5,0,grass,N/A
193,Yanma,2,65,1000000,"['Speed Boost', 'Compoundeyes', 'Frisk']",0.5,1.0,1.0,2.0,1.0,0.25,2.0,2.0,1.0,0.25,0.0,2.0,1.0,1.0,1.0,4.0,1.0,1.0,65,45,1.2,75,45,95,38.0,0,bug,flying
194,Wooper,2,55,1000000,"['Damp', 'Water Absorb', 'Unaware']",1.0,1.0,1.0,0.0,1.0,1.0,0.5,1.0,1.0,4.0,1.0,1.0,1.0,0.5,1.0,0.5,0.5,1.0,45,45,0.4,25,25,15,8.5,0,water,ground
195,Quagsire,2,95,1000000,"['Damp', 'Water Absorb', 'Unaware']",1.0,1.0,1.0,0.0,1.0,1.0,0.5,1.0,1.0,4.0,1.0,1.0,1.0,0.5,1.0,0.5,0.5,1.0,85,85,1.4,65,65,35,75.0,0,water,ground
196,Espeon,2,65,1000000,"['Synchronize', 'Magic Bounce']",2.0,2.0,1.0,1.0,1.0,0.5,1.0,1.0,2.0,1.0,1.0,1.0,1.0,1.0,0.5,1.0,1.0,1.0,65,60,0.9,130,95,110,26.5,0,psychic,N/A
197,Umbreon,2,95,1000000,"['Synchronize', 'Inner Focus']",2.0,0.5,1.0,1.0,2.0,2.0,1.0,1.0,0.5,1.0,1.0,1.0,1.0,1.0,0.0,1.0,1.0,1.0,65,110,1.0,60,130,65,27.0,0,dark,N/A
198,Murkrow,2,60,1059860,"['Insomnia', 'Super Luck', 'Prankster']",1.0,0.5,1.0,2.0,2.0,1.0,1.0,1.0,0.5,0.5,0.0,2.0,1.0,1.0,0.0,2.0,1.0,1.0,85,42,0.5,85,42,91,2.1,0,dark,flying
199,Slowking,2,95,1000000,"['Oblivious', 'Own Tempo', 'Regenerator']",2.0,2.0,1.0,2.0,1.0,0.5,0.5,1.0,2.0,2.0,1.0,0.5,1.0,1.0,0.5,1.0,0.5,0.5,75,80,2.0,100,110,30,79.5,0,water,psychic
200,Misdreavus,2,60,800000,['Levitate'],0.5,2.0,1.0,1.0,1.0,0.0,1.0,1.0,2.0,1.0,1.0,1.0,0.0,0.5,1.0,1.0,1.0,1.0,60,60,0.7,85,85,85,1.0,0,ghost,N/A
201,Unown,2,48,1000000,['Levitate'],2.0,2.0,1.0,1.0,1.0,0.5,1.0,1.0,2.0,1.0,1.0,1.0,1.0,1.0,0.5,1.0,1.0,1.0,72,48,0.5,72,48,48,5.0,0,psychic,N/A
202,Wobbuffet,2,190,1000000,"['Shadow Tag', 'Telepathy']",2.0,2.0,1.0,1.0,1.0,0.5,1.0,1.0,2.0,1.0,1.0,1.0,1.0,1.0,0.5,1.0,1.0,1.0,33,58,1.3,33,58,33,28.5,0,psychic,N/A
203,Girafarig,2,70,1000000,"['Inner Focus', 'Early Bird', 'Sap Sipper']",2.0,2.0,1.0,1.0,1.0,1.0,1.0,1.0,0.0,1.0,1.0,1.0,1.0,1.0,0.5,1.0,1.0,1.0,80,65,1.5,90,65,85,41.5,0,normal,psychic
204,Pineco,2,50,1000000,"['Sturdy', 'Overcoat']",1.0,1.0,1.0,1.0,1.0,0.5,2.0,2.0,1.0,0.5,0.5,1.0,1.0,1.0,1.0,2.0,1.0,1.0,65,90,0.6,35,35,15,7.2,0,bug,N/A
205,Forretress,2,75,1000000,"['Sturdy', 'Overcoat']",0.5,1.0,0.5,1.0,0.5,1.0,4.0,1.0,1.0,0.25,1.0,0.5,0.5,0.0,0.5,1.0,0.5,1.0,90,140,1.2,60,60,40,125.8,0,bug,steel
206,Dunsparce,2,100,1000000,"['Serene Grace', 'Run Away', 'Rattled']",1.0,1.0,1.0,1.0,1.0,2.0,1.0,1.0,0.0,1.0,1.0,1.0,1.0,1.0,1.0,1.0,1.0,1.0,70,70,1.5,65,65,45,14.0,0,normal,N/A
207,Gligar,2,65,1059860,"['Hyper Cutter', 'Sand Veil', 'Immunity']",0.5,1.0,1.0,0.0,1.0,0.5,1.0,1.0,1.0,1.0,0.0,4.0,1.0,0.5,1.0,1.0,1.0,2.0,75,105,1.1,35,65,85,64.8,0,ground,flying
208,Steelix,2,75,1000000,"['Rock Head', 'Sturdy', 'Sheer Force']",0.5,1.0,0.5,0.0,0.5,2.0,2.0,0.5,1.0,1.0,2.0,1.0,0.5,0.0,0.5,0.25,0.5,2.0,125,230,9.2,55,95,30,400.0,0,steel,ground
209,Snubbull,2,60,800000,"['Intimidate', 'Run Away', 'Rattled']",0.5,0.5,0.0,1.0,1.0,0.5,1.0,1.0,1.0,1.0,1.0,1.0,1.0,2.0,1.0,1.0,2.0,1.0,80,50,0.6,40,40,30,7.8,0,fairy,N/A
210,Granbull,2,90,800000,"['Intimidate', 'Quick Feet', 'Rattled']",0.5,0.5,0.0,1.0,1.0,0.5,1.0,1.0,1.0,1.0,1.0,1.0,1.0,2.0,1.0,1.0,2.0,1.0,120,75,1.4,60,60,45,48.7,0,fairy,N/A
211,Qwilfish,2,65,1000000,"['Poison Point', 'Swift Swim', 'Intimidate']",0.5,1.0,1.0,2.0,0.5,0.5,0.5,1.0,1.0,1.0,2.0,0.5,1.0,0.5,2.0,1.0,0.5,0.5,95,85,0.5,55,55,85,3.9,0,water,poison
212,Scizor,2,70,1000000,"['Swarm', 'Technician', 'Light Metal']",0.5,1.0,0.5,1.0,0.5,1.0,4.0,1.0,1.0,0.25,1.0,0.5,0.5,0.0,0.5,1.0,0.5,1.0,150,140,1.8,65,100,75,118.0,0,bug,steel
213,Shuckle,2,20,1059860,"['Sturdy', 'Gluttony', 'Contrary']",1.0,1.0,1.0,1.0,1.0,1.0,1.0,1.0,1.0,1.0,1.0,1.0,0.5,0.5,1.0,2.0,2.0,2.0,10,230,0.6,10,230,5,20.5,0,bug,rock
214,Heracross,2,80,1250000,"['Swarm', 'Guts', 'Moxie']",0.5,0.5,1.0,1.0,2.0,0.5,2.0,4.0,1.0,0.5,0.5,1.0,1.0,1.0,2.0,1.0,1.0,1.0,185,115,1.5,40,105,75,54.0,0,bug,fighting
215,Sneasel,2,55,1059860,"['Inner Focus', 'Keen Eye', 'Pickpocket']",2.0,0.5,1.0,1.0,2.0,4.0,2.0,1.0,0.5,1.0,1.0,0.5,1.0,1.0,0.0,2.0,2.0,1.0,95,55,0.9,35,75,115,28.0,0,dark,ice
216,Teddiursa,2,60,1000000,"['Pickup', 'Quick Feet', 'Honey Gather']",1.0,1.0,1.0,1.0,1.0,2.0,1.0,1.0,0.0,1.0,1.0,1.0,1.0,1.0,1.0,1.0,1.0,1.0,80,50,0.6,50,50,40,8.8,0,normal,N/A
217,Ursaring,2,90,1000000,"['Guts', 'Quick Feet', 'Unnerve']",1.0,1.0,1.0,1.0,1.0,2.0,1.0,1.0,0.0,1.0,1.0,1.0,1.0,1.0,1.0,1.0,1.0,1.0,130,75,1.8,75,75,55,125.8,0,normal,N/A
218,Slugma,2,40,1000000,"['Magma Armor', 'Flame Body', 'Weak Armor']",0.5,1.0,1.0,1.0,0.5,1.0,0.5,1.0,1.0,0.5,2.0,0.5,1.0,1.0,1.0,2.0,0.5,2.0,40,40,0.7,70,40,20,35.0,0,fire,N/A
219,Magcargo,2,60,1000000,"['Magma Armor', 'Flame Body', 'Weak Armor']",0.5,1.0,1.0,1.0,0.5,2.0,0.25,0.5,1.0,1.0,4.0,0.5,0.5,0.5,1.0,2.0,1.0,4.0,50,120,0.8,90,80,30,55.0,0,fire,rock
220,Swinub,2,50,1250000,"['Oblivious', 'Snow Cloak', 'Thick Fat']",1.0,1.0,1.0,0.0,1.0,2.0,2.0,1.0,1.0,2.0,1.0,1.0,1.0,0.5,1.0,1.0,2.0,2.0,50,40,0.4,30,30,50,6.5,0,ice,ground
221,Piloswine,2,100,1250000,"['Oblivious', 'Snow Cloak', 'Thick Fat']",1.0,1.0,1.0,0.0,1.0,2.0,2.0,1.0,1.0,2.0,1.0,1.0,1.0,0.5,1.0,1.0,2.0,2.0,100,80,1.1,60,60,50,55.8,0,ice,ground
222,Corsola,2,65,800000,"['Hustle', 'Natural Cure', 'Regenerator']",1.0,1.0,1.0,2.0,1.0,2.0,0.25,0.5,1.0,4.0,2.0,0.5,0.5,0.5,1.0,1.0,1.0,1.0,55,95,0.6,65,95,35,5.0,0,water,rock
223,Remoraid,2,35,1000000,"['Hustle', 'Sniper', 'Moody']",1.0,1.0,1.0,2.0,1.0,1.0,0.5,1.0,1.0,2.0,1.0,0.5,1.0,1.0,1.0,1.0,0.5,0.5,65,35,0.6,65,35,65,12.0,0,water,N/A
224,Octillery,2,75,1000000,"['Suction Cups', 'Sniper', 'Moody']",1.0,1.0,1.0,2.0,1.0,1.0,0.5,1.0,1.0,2.0,1.0,0.5,1.0,1.0,1.0,1.0,0.5,0.5,105,75,0.9,105,75,45,28.5,0,water,N/A
225,Delibird,2,45,800000,"['Vital Spirit', 'Hustle', 'Insomnia']",0.5,1.0,1.0,2.0,1.0,1.0,2.0,1.0,1.0,0.5,0.0,1.0,1.0,1.0,1.0,4.0,2.0,1.0,55,45,0.9,65,45,75,16.0,0,ice,flying
226,Mantine,2,85,1250000,"['Swift Swim', 'Water Absorb', 'Water Veil']",0.5,1.0,1.0,4.0,1.0,0.5,0.5,1.0,1.0,1.0,0.0,1.0,1.0,1.0,1.0,2.0,0.5,0.5,40,70,2.1,80,140,70,220.0,0,water,flying
227,Skarmory,2,65,1250000,"['Keen Eye', 'Sturdy', 'Weak Armor']",0.25,1.0,0.5,2.0,0.5,1.0,2.0,0.5,1.0,0.25,0.0,1.0,0.5,0.0,0.5,1.0,0.5,1.0,80,140,1.7,40,70,70,50.5,0,steel,flying
228,Houndour,2,45,1250000,"['Early Bird', 'Flash Fire', 'Unnerve']",1.0,0.5,1.0,1.0,1.0,2.0,0.5,1.0,0.5,0.5,2.0,0.5,1.0,1.0,0.0,2.0,0.5,2.0,60,30,0.6,80,50,65,10.8,0,dark,fire
229,Houndoom,2,75,1250000,"['Early Bird', 'Flash Fire', 'Unnerve']",1.0,0.5,1.0,1.0,1.0,2.0,0.5,1.0,0.5,0.5,2.0,0.5,1.0,1.0,0.0,2.0,0.5,2.0,90,90,1.4,140,90,115,35.0,0,dark,fire
230,Kingdra,2,75,1000000,"['Swift Swim', 'Sniper', 'Damp']",1.0,1.0,2.0,1.0,2.0,1.0,0.25,1.0,1.0,1.0,1.0,1.0,1.0,1.0,1.0,1.0,0.5,0.25,95,95,1.8,95,95,85,152.0,0,water,dragon
231,Phanpy,2,90,1000000,"['Pickup', 'Sand Veil']",1.0,1.0,1.0,0.0,1.0,1.0,1.0,1.0,1.0,2.0,1.0,2.0,1.0,0.5,1.0,0.5,1.0,2.0,60,60,0.5,40,40,40,33.5,0,ground,N/A
232,Donphan,2,90,1000000,"['Sturdy', 'Sand Veil']",1.0,1.0,1.0,0.0,1.0,1.0,1.0,1.0,1.0,2.0,1.0,2.0,1.0,0.5,1.0,0.5,1.0,2.0,120,120,1.1,60,60,50,120.0,0,ground,N/A
233,Porygon2,2,85,1000000,"['Trace', 'Download', 'Analytic']",1.0,1.0,1.0,1.0,1.0,2.0,1.0,1.0,0.0,1.0,1.0,1.0,1.0,1.0,1.0,1.0,1.0,1.0,80,90,0.6,105,95,60,32.5,0,normal,N/A
234,Stantler,2,73,1250000,"['Intimidate', 'Frisk', 'Sap Sipper']",1.0,1.0,1.0,1.0,1.0,2.0,1.0,1.0,0.0,1.0,1.0,1.0,1.0,1.0,1.0,1.0,1.0,1.0,95,62,1.4,85,65,85,71.2,0,normal,N/A
235,Smeargle,2,55,800000,"['Own Tempo', 'Technician', 'Moody']",1.0,1.0,1.0,1.0,1.0,2.0,1.0,1.0,0.0,1.0,1.0,1.0,1.0,1.0,1.0,1.0,1.0,1.0,20,35,1.2,20,45,75,58.0,0,normal,N/A
236,Tyrogue,2,35,1000000,"['Guts', 'Steadfast', 'Vital Spirit']",0.5,0.5,1.0,1.0,2.0,1.0,1.0,2.0,1.0,1.0,1.0,1.0,1.0,1.0,2.0,0.5,1.0,1.0,35,35,0.7,35,35,35,21.0,0,fighting,N/A
237,Hitmontop,2,50,1000000,"['Intimidate', 'Technician', 'Steadfast']",0.5,0.5,1.0,1.0,2.0,1.0,1.0,2.0,1.0,1.0,1.0,1.0,1.0,1.0,2.0,0.5,1.0,1.0,95,95,1.4,35,110,70,48.0,0,fighting,N/A
238,Smoochum,2,45,1000000,"['Oblivious', 'Forewarn', 'Hydration']",2.0,2.0,1.0,1.0,1.0,1.0,2.0,1.0,2.0,1.0,1.0,0.5,1.0,1.0,0.5,2.0,2.0,1.0,30,15,0.4,85,65,65,6.0,0,ice,psychic
239,Elekid,2,45,1000000,"['Static', 'Vital Spirit']",1.0,1.0,1.0,0.5,1.0,1.0,1.0,0.5,1.0,1.0,2.0,1.0,1.0,1.0,1.0,1.0,0.5,1.0,63,37,0.6,65,55,95,23.5,0,electric,N/A
240,Magby,2,45,1000000,"['Flame Body', 'Vital Spirit']",0.5,1.0,1.0,1.0,0.5,1.0,0.5,1.0,1.0,0.5,2.0,0.5,1.0,1.0,1.0,2.0,0.5,2.0,75,37,0.7,70,55,83,21.4,0,fire,N/A
241,Miltank,2,95,1250000,"['Thick Fat', 'Scrappy', 'Sap Sipper']",1.0,1.0,1.0,1.0,1.0,2.0,1.0,1.0,0.0,1.0,1.0,1.0,1.0,1.0,1.0,1.0,1.0,1.0,80,105,1.2,40,70,100,75.5,0,normal,N/A
242,Blissey,2,255,800000,"['Natural Cure', 'Serene Grace', 'Healer']",1.0,1.0,1.0,1.0,1.0,2.0,1.0,1.0,0.0,1.0,1.0,1.0,1.0,1.0,1.0,1.0,1.0,1.0,10,10,1.5,75,135,55,46.8,0,normal,N/A
243,Raikou,2,90,1250000,"['Pressure', 'Inner Focus']",1.0,1.0,1.0,0.5,1.0,1.0,1.0,0.5,1.0,1.0,2.0,1.0,1.0,1.0,1.0,1.0,0.5,1.0,85,75,1.9,115,100,115,178.0,1,electric,N/A
244,Entei,2,115,1250000,"['Pressure', 'Inner Focus']",0.5,1.0,1.0,1.0,0.5,1.0,0.5,1.0,1.0,0.5,2.0,0.5,1.0,1.0,1.0,2.0,0.5,2.0,115,85,2.1,90,75,100,198.0,1,fire,N/A
245,Suicune,2,100,1250000,"['Pressure', 'Inner Focus']",1.0,1.0,1.0,2.0,1.0,1.0,0.5,1.0,1.0,2.0,1.0,0.5,1.0,1.0,1.0,1.0,0.5,0.5,75,115,2.0,90,115,85,187.0,1,water,N/A
246,Larvitar,2,50,1250000,"['Guts', 'Sand Veil']",1.0,1.0,1.0,0.0,1.0,2.0,0.5,0.5,1.0,4.0,2.0,2.0,0.5,0.25,1.0,0.5,2.0,4.0,64,50,0.6,45,50,41,72.0,0,rock,ground
247,Pupitar,2,70,1250000,['Shed Skin'],1.0,1.0,1.0,0.0,1.0,2.0,0.5,0.5,1.0,4.0,2.0,2.0,0.5,0.25,1.0,0.5,2.0,4.0,84,70,1.2,65,70,51,152.0,0,rock,ground
248,Tyranitar,2,100,1250000,"['Sand Stream', 'Unnerve']",2.0,0.5,1.0,1.0,2.0,4.0,0.5,0.5,0.5,2.0,2.0,1.0,0.5,0.5,0.0,1.0,2.0,2.0,164,150,2.0,95,120,71,202.0,0,rock,dark
249,Lugia,2,106,1250000,"['Pressure', 'Multiscale']",1.0,2.0,1.0,2.0,1.0,0.25,1.0,1.0,2.0,0.5,0.0,2.0,1.0,1.0,0.5,2.0,1.0,1.0,90,130,5.2,90,154,110,216.0,1,psychic,flying
250,Ho-Oh,2,106,1250000,"['Pressure', 'Regenerator']",0.25,1.0,1.0,2.0,0.5,0.5,0.5,1.0,1.0,0.25,0.0,1.0,1.0,1.0,1.0,4.0,0.5,2.0,130,90,3.8,110,154,90,199.0,1,fire,flying
251,Celebi,2,100,1059860,['Natural Cure'],4.0,2.0,1.0,0.5,1.0,0.5,2.0,2.0,2.0,0.5,0.5,2.0,1.0,2.0,0.5,1.0,1.0,0.5,100,100,0.6,100,100,100,5.0,1,psychic,grass
252,Treecko,3,40,1059860,"['Overgrow', 'Unburden']",2.0,1.0,1.0,0.5,1.0,1.0,2.0,2.0,1.0,0.5,0.5,2.0,1.0,2.0,1.0,1.0,1.0,0.5,45,35,0.5,65,55,70,5.0,0,grass,N/A
253,Grovyle,3,50,1059860,"['Overgrow', 'Unburden']",2.0,1.0,1.0,0.5,1.0,1.0,2.0,2.0,1.0,0.5,0.5,2.0,1.0,2.0,1.0,1.0,1.0,0.5,65,45,0.9,85,65,95,21.6,0,grass,N/A
254,Sceptile,3,70,1059860,"['Overgrow', 'Unburden']",2.0,1.0,1.0,0.5,1.0,1.0,2.0,2.0,1.0,0.5,0.5,2.0,1.0,2.0,1.0,1.0,1.0,0.5,110,75,1.7,145,85,145,52.2,0,grass,N/A
255,Torchic,3,45,1059860,"['Blaze', 'Speed Boost']",0.5,1.0,1.0,1.0,0.5,1.0,0.5,1.0,1.0,0.5,2.0,0.5,1.0,1.0,1.0,2.0,0.5,2.0,60,40,0.4,70,50,45,2.5,0,fire,N/A
256,Combusken,3,60,1059860,"['Blaze', 'Speed Boost']",0.25,0.5,1.0,1.0,1.0,1.0,0.5,2.0,1.0,0.5,2.0,0.5,1.0,1.0,2.0,1.0,0.5,2.0,85,60,0.9,85,60,55,19.5,0,fire,fighting
257,Blaziken,3,80,1059860,"['Blaze', 'Speed Boost']",0.25,0.5,1.0,1.0,1.0,1.0,0.5,2.0,1.0,0.5,2.0,0.5,1.0,1.0,2.0,1.0,0.5,2.0,160,80,1.9,130,80,100,52.0,0,fire,fighting
258,Mudkip,3,50,1059860,"['Torrent', 'Damp']",1.0,1.0,1.0,2.0,1.0,1.0,0.5,1.0,1.0,2.0,1.0,0.5,1.0,1.0,1.0,1.0,0.5,0.5,70,50,0.4,50,50,40,7.6,0,water,N/A
259,Marshtomp,3,70,1059860,"['Torrent', 'Damp']",1.0,1.0,1.0,0.0,1.0,1.0,0.5,1.0,1.0,4.0,1.0,1.0,1.0,0.5,1.0,0.5,0.5,1.0,85,70,0.7,60,70,50,28.0,0,water,ground
260,Swampert,3,100,1059860,"['Torrent', 'Damp']",1.0,1.0,1.0,0.0,1.0,1.0,0.5,1.0,1.0,4.0,1.0,1.0,1.0,0.5,1.0,0.5,0.5,1.0,150,110,1.5,95,110,70,81.9,0,water,ground
261,Poochyena,3,35,1000000,"['Run Away', 'Quick Feet', 'Rattled']",2.0,0.5,1.0,1.0,2.0,2.0,1.0,1.0,0.5,1.0,1.0,1.0,1.0,1.0,0.0,1.0,1.0,1.0,55,35,0.5,30,30,35,13.6,0,dark,N/A
262,Mightyena,3,70,1000000,"['Intimidate', 'Quick Feet', 'Moxie']",2.0,0.5,1.0,1.0,2.0,2.0,1.0,1.0,0.5,1.0,1.0,1.0,1.0,1.0,0.0,1.0,1.0,1.0,90,70,1.0,60,60,70,37.0,0,dark,N/A
263,Zigzagoon,3,38,1000000,"['Pickup', 'Gluttony', 'Quick Feet']",1.0,1.0,1.0,1.0,1.0,2.0,1.0,1.0,0.0,1.0,1.0,1.0,1.0,1.0,1.0,1.0,1.0,1.0,30,41,0.4,30,41,60,17.5,0,normal,N/A
264,Linoone,3,78,1000000,"['Pickup', 'Gluttony', 'Quick Feet']",1.0,1.0,1.0,1.0,1.0,2.0,1.0,1.0,0.0,1.0,1.0,1.0,1.0,1.0,1.0,1.0,1.0,1.0,70,61,0.5,50,61,100,32.5,0,normal,N/A
265,Wurmple,3,45,1000000,"['Shield Dust', 'Run Away']",1.0,1.0,1.0,1.0,1.0,0.5,2.0,2.0,1.0,0.5,0.5,1.0,1.0,1.0,1.0,2.0,1.0,1.0,45,35,0.3,20,30,20,3.6,0,bug,N/A
266,Silcoon,3,50,1000000,['Shed Skin'],1.0,1.0,1.0,1.0,1.0,0.5,2.0,2.0,1.0,0.5,0.5,1.0,1.0,1.0,1.0,2.0,1.0,1.0,35,55,0.6,25,25,15,10.0,0,bug,N/A
267,Beautifly,3,60,1000000,"['Swarm', 'Rivalry']",0.5,1.0,1.0,2.0,1.0,0.25,2.0,2.0,1.0,0.25,0.0,2.0,1.0,1.0,1.0,4.0,1.0,1.0,70,50,1.0,100,50,65,28.4,0,bug,flying
268,Cascoon,3,50,1000000,['Shed Skin'],1.0,1.0,1.0,1.0,1.0,0.5,2.0,2.0,1.0,0.5,0.5,1.0,1.0,1.0,1.0,2.0,1.0,1.0,35,55,0.7,25,25,15,11.5,0,bug,N/A
269,Dustox,3,60,1000000,"['Shield Dust', 'Compoundeyes']",0.5,1.0,1.0,1.0,0.5,0.25,2.0,2.0,1.0,0.25,1.0,1.0,1.0,0.5,2.0,2.0,1.0,1.0,50,70,1.2,50,90,65,31.6,0,bug,poison
270,Lotad,3,40,1059860,"['Swift Swim', 'Rain Dish', 'Own Tempo']",2.0,1.0,1.0,1.0,1.0,1.0,1.0,2.0,1.0,1.0,0.5,1.0,1.0,2.0,1.0,1.0,0.5,0.25,30,30,0.5,40,50,30,2.6,0,water,grass
271,Lombre,3,60,1059860,"['Swift Swim', 'Rain Dish', 'Own Tempo']",2.0,1.0,1.0,1.0,1.0,1.0,1.0,2.0,1.0,1.0,0.5,1.0,1.0,2.0,1.0,1.0,0.5,0.25,50,50,1.2,60,70,50,32.5,0,water,grass
272,Ludicolo,3,80,1059860,"['Swift Swim', 'Rain Dish', 'Own Tempo']",2.0,1.0,1.0,1.0,1.0,1.0,1.0,2.0,1.0,1.0,0.5,1.0,1.0,2.0,1.0,1.0,0.5,0.25,70,70,1.5,90,100,70,55.0,0,water,grass
273,Seedot,3,40,1059860,"['Chlorophyll', 'Early Bird', 'Pickpocket']",2.0,1.0,1.0,0.5,1.0,1.0,2.0,2.0,1.0,0.5,0.5,2.0,1.0,2.0,1.0,1.0,1.0,0.5,40,50,0.5,30,30,30,4.0,0,grass,N/A
274,Nuzleaf,3,70,1059860,"['Chlorophyll', 'Early Bird', 'Pickpocket']",4.0,0.5,1.0,0.5,2.0,2.0,2.0,2.0,0.5,0.5,0.5,2.0,1.0,2.0,0.0,1.0,1.0,0.5,70,40,1.0,60,40,60,28.0,0,grass,dark
275,Shiftry,3,90,1059860,"['Chlorophyll', 'Early Bird', 'Pickpocket']",4.0,0.5,1.0,0.5,2.0,2.0,2.0,2.0,0.5,0.5,0.5,2.0,1.0,2.0,0.0,1.0,1.0,0.5,100,60,1.3,90,60,80,59.6,0,grass,dark
276,Taillow,3,40,1059860,"['Guts', 'Scrappy']",0.5,1.0,1.0,2.0,1.0,1.0,1.0,1.0,0.0,0.5,0.0,2.0,1.0,1.0,1.0,2.0,1.0,1.0,55,30,0.3,30,30,85,2.3,0,normal,flying
277,Swellow,3,60,1059860,"['Guts', 'Scrappy']",0.5,1.0,1.0,2.0,1.0,1.0,1.0,1.0,0.0,0.5,0.0,2.0,1.0,1.0,1.0,2.0,1.0,1.0,85,60,0.7,75,50,125,19.8,0,normal,flying
278,Wingull,3,40,1000000,"['Keen Eye', 'Hydration', 'Rain Dish']",0.5,1.0,1.0,4.0,1.0,0.5,0.5,1.0,1.0,1.0,0.0,1.0,1.0,1.0,1.0,2.0,0.5,0.5,30,30,0.6,55,30,85,9.5,0,water,flying
279,Pelipper,3,60,1000000,"['Keen Eye', 'Drizzle', 'Rain Dish']",0.5,1.0,1.0,4.0,1.0,0.5,0.5,1.0,1.0,1.0,0.0,1.0,1.0,1.0,1.0,2.0,0.5,0.5,50,100,1.2,95,70,65,28.0,0,water,flying
280,Ralts,3,28,1250000,"['Synchronize', 'Trace', 'Telepathy']",1.0,1.0,0.0,1.0,1.0,0.25,1.0,1.0,2.0,1.0,1.0,1.0,1.0,2.0,0.5,1.0,2.0,1.0,25,25,0.4,45,35,40,6.6,0,psychic,fairy
281,Kirlia,3,38,1250000,"['Synchronize', 'Trace', 'Telepathy']",1.0,1.0,0.0,1.0,1.0,0.25,1.0,1.0,2.0,1.0,1.0,1.0,1.0,2.0,0.5,1.0,2.0,1.0,35,35,0.8,65,55,50,20.2,0,psychic,fairy
282,Gardevoir,3,68,1250000,"['Synchronize', 'Trace', 'Telepathy']",1.0,1.0,0.0,1.0,1.0,0.25,1.0,1.0,2.0,1.0,1.0,1.0,1.0,2.0,0.5,1.0,2.0,1.0,85,65,1.6,165,135,100,48.4,0,psychic,fairy
283,Surskit,3,40,1000000,"['Swift Swim', 'Rain Dish']",1.0,1.0,1.0,2.0,1.0,0.5,1.0,2.0,1.0,1.0,0.5,0.5,1.0,1.0,1.0,2.0,0.5,0.5,30,32,0.5,50,52,65,1.7,0,bug,water
284,Masquerain,3,70,1000000,"['Intimidate', 'Unnerve']",0.5,1.0,1.0,2.0,1.0,0.25,2.0,2.0,1.0,0.25,0.0,2.0,1.0,1.0,1.0,4.0,1.0,1.0,60,62,0.8,100,82,80,3.6,0,bug,flying
285,Shroomish,3,60,1640000,"['Effect Spore', 'Poison Heal', 'Quick Feet']",2.0,1.0,1.0,0.5,1.0,1.0,2.0,2.0,1.0,0.5,0.5,2.0,1.0,2.0,1.0,1.0,1.0,0.5,40,60,0.4,40,60,35,4.5,0,grass,N/A
286,Breloom,3,60,1640000,"['Effect Spore', 'Poison Heal', 'Technician']",1.0,0.5,1.0,0.5,2.0,1.0,2.0,4.0,1.0,0.5,0.5,2.0,1.0,2.0,2.0,0.5,1.0,0.5,130,80,1.2,60,60,70,39.2,0,grass,fighting
287,Slakoth,3,60,1250000,['Truant'],1.0,1.0,1.0,1.0,1.0,2.0,1.0,1.0,0.0,1.0,1.0,1.0,1.0,1.0,1.0,1.0,1.0,1.0,60,60,0.8,35,35,30,24.0,0,normal,N/A
288,Vigoroth,3,80,1250000,['Vital Spirit'],1.0,1.0,1.0,1.0,1.0,2.0,1.0,1.0,0.0,1.0,1.0,1.0,1.0,1.0,1.0,1.0,1.0,1.0,80,80,1.4,55,55,90,46.5,0,normal,N/A
289,Slaking,3,150,1250000,['Truant'],1.0,1.0,1.0,1.0,1.0,2.0,1.0,1.0,0.0,1.0,1.0,1.0,1.0,1.0,1.0,1.0,1.0,1.0,160,100,2.0,95,65,100,130.5,0,normal,N/A
290,Nincada,3,31,600000,"['Compoundeyes', 'Run Away']",1.0,1.0,1.0,0.0,1.0,0.5,2.0,2.0,1.0,1.0,0.5,2.0,1.0,0.5,1.0,1.0,1.0,2.0,45,90,0.5,30,30,40,5.5,0,bug,ground
291,Ninjask,3,61,600000,"['Speed Boost', 'Infiltrator']",0.5,1.0,1.0,2.0,1.0,0.25,2.0,2.0,1.0,0.25,0.0,2.0,1.0,1.0,1.0,4.0,1.0,1.0,90,45,0.8,50,50,160,12.0,0,bug,flying
292,Shedinja,3,1,600000,['Wonder Guard'],0.5,2.0,1.0,1.0,1.0,0.0,2.0,2.0,2.0,0.5,0.5,1.0,0.0,0.5,1.0,2.0,1.0,1.0,90,45,0.8,30,30,40,1.2,0,bug,ghost
293,Whismur,3,64,1059860,"['Soundproof', 'Rattled']",1.0,1.0,1.0,1.0,1.0,2.0,1.0,1.0,0.0,1.0,1.0,1.0,1.0,1.0,1.0,1.0,1.0,1.0,51,23,0.6,51,23,28,16.3,0,normal,N/A
294,Loudred,3,84,1059860,"['Soundproof', 'Scrappy']",1.0,1.0,1.0,1.0,1.0,2.0,1.0,1.0,0.0,1.0,1.0,1.0,1.0,1.0,1.0,1.0,1.0,1.0,71,43,1.0,71,43,48,40.5,0,normal,N/A
295,Exploud,3,104,1059860,"['Soundproof', 'Scrappy']",1.0,1.0,1.0,1.0,1.0,2.0,1.0,1.0,0.0,1.0,1.0,1.0,1.0,1.0,1.0,1.0,1.0,1.0,91,63,1.5,91,73,68,84.0,0,normal,N/A
296,Makuhita,3,72,1640000,"['Thick Fat', 'Guts', 'Sheer Force']",0.5,0.5,1.0,1.0,2.0,1.0,1.0,2.0,1.0,1.0,1.0,1.0,1.0,1.0,2.0,0.5,1.0,1.0,60,30,1.0,20,30,25,86.4,0,fighting,N/A
297,Hariyama,3,144,1640000,"['Thick Fat', 'Guts', 'Sheer Force']",0.5,0.5,1.0,1.0,2.0,1.0,1.0,2.0,1.0,1.0,1.0,1.0,1.0,1.0,2.0,0.5,1.0,1.0,120,60,2.3,40,60,50,253.8,0,fighting,N/A
298,Azurill,3,50,800000,"['Thick Fat', 'Huge Power', 'Sap Sipper']",0.5,0.5,0.0,1.0,1.0,1.0,1.0,1.0,0.0,1.0,1.0,1.0,1.0,2.0,1.0,1.0,2.0,1.0,20,40,0.2,20,40,20,2.0,0,normal,fairy
299,Nosepass,3,30,1000000,"['Sturdy', 'Magnet Pull', 'Sand Force']",1.0,1.0,1.0,1.0,1.0,2.0,0.5,0.5,1.0,2.0,2.0,1.0,0.5,0.5,1.0,1.0,2.0,2.0,45,135,1.0,45,90,30,97.0,0,rock,N/A
300,Skitty,3,50,800000,"['Cute Charm', 'Normalize', 'Wonder Skin ']",1.0,1.0,1.0,1.0,1.0,2.0,1.0,1.0,0.0,1.0,1.0,1.0,1.0,1.0,1.0,1.0,1.0,1.0,45,45,0.6,35,35,50,11.0,0,normal,N/A
301,Delcatty,3,70,800000,"['Cute Charm', 'Normalize', 'Wonder Skin ']",1.0,1.0,1.0,1.0,1.0,2.0,1.0,1.0,0.0,1.0,1.0,1.0,1.0,1.0,1.0,1.0,1.0,1.0,65,65,1.1,55,55,90,32.6,0,normal,N/A
302,Sableye,3,50,1059860,"['Keen Eye', 'Stall', 'Prankster']",1.0,1.0,1.0,1.0,2.0,0.0,1.0,1.0,1.0,1.0,1.0,1.0,0.0,0.5,0.0,1.0,1.0,1.0,85,125,0.5,85,115,20,11.0,0,dark,ghost
303,Mawile,3,50,800000,"['Hyper Cutter', 'Intimidate', 'Sheer Force']",0.25,0.5,0.0,1.0,0.5,1.0,2.0,0.5,1.0,0.5,2.0,0.5,0.5,0.0,0.5,0.5,1.0,1.0,105,125,0.6,55,95,50,11.5,0,steel,fairy
304,Aron,3,50,1250000,"['Sturdy', 'Rock Head', 'Heavy Metal']",0.5,1.0,0.5,1.0,0.5,4.0,1.0,0.25,1.0,1.0,4.0,0.5,0.25,0.0,0.5,0.5,1.0,2.0,70,100,0.4,40,40,30,60.0,0,steel,rock
305,Lairon,3,60,1250000,"['Sturdy', 'Rock Head', 'Heavy Metal']",0.5,1.0,0.5,1.0,0.5,4.0,1.0,0.25,1.0,1.0,4.0,0.5,0.25,0.0,0.5,0.5,1.0,2.0,90,140,0.9,50,50,40,120.0,0,steel,rock
306,Aggron,3,70,1250000,"['Sturdy', 'Rock Head', 'Heavy Metal']",0.5,1.0,0.5,1.0,0.5,4.0,1.0,0.25,1.0,1.0,4.0,0.5,0.25,0.0,0.5,0.5,1.0,2.0,140,230,2.1,60,80,50,360.0,0,steel,rock
307,Meditite,3,30,1000000,"['Pure Power', 'Telepathy']",1.0,1.0,1.0,1.0,2.0,0.5,1.0,2.0,2.0,1.0,1.0,1.0,1.0,1.0,1.0,0.5,1.0,1.0,40,55,0.6,40,55,60,11.2,0,fighting,psychic
308,Medicham,3,60,1000000,"['Pure Power', 'Telepathy']",1.0,1.0,1.0,1.0,2.0,0.5,1.0,2.0,2.0,1.0,1.0,1.0,1.0,1.0,1.0,0.5,1.0,1.0,100,85,1.3,80,85,100,31.5,0,fighting,psychic
309,Electrike,3,40,1250000,"['Static', 'Lightningrod', 'Minus']",1.0,1.0,1.0,0.5,1.0,1.0,1.0,0.5,1.0,1.0,2.0,1.0,1.0,1.0,1.0,1.0,0.5,1.0,45,40,0.6,65,40,65,15.2,0,electric,N/A
310,Manectric,3,70,1250000,"['Static', 'Lightningrod', 'Minus']",1.0,1.0,1.0,0.5,1.0,1.0,1.0,0.5,1.0,1.0,2.0,1.0,1.0,1.0,1.0,1.0,0.5,1.0,75,80,1.5,135,80,135,40.2,0,electric,N/A
311,Plusle,3,60,1000000,"['Plus', 'Lightningrod']",1.0,1.0,1.0,0.5,1.0,1.0,1.0,0.5,1.0,1.0,2.0,1.0,1.0,1.0,1.0,1.0,0.5,1.0,50,40,0.4,85,75,95,4.2,0,electric,N/A
312,Minun,3,60,1000000,"['Minus', 'Volt Absorb']",1.0,1.0,1.0,0.5,1.0,1.0,1.0,0.5,1.0,1.0,2.0,1.0,1.0,1.0,1.0,1.0,0.5,1.0,40,50,0.4,75,85,95,4.2,0,electric,N/A
313,Volbeat,3,65,600000,"['Illuminate', 'Swarm', 'Prankster']",1.0,1.0,1.0,1.0,1.0,0.5,2.0,2.0,1.0,0.5,0.5,1.0,1.0,1.0,1.0,2.0,1.0,1.0,73,75,0.7,47,85,85,17.7,0,bug,N/A
314,Illumise,3,65,1640000,"['Oblivious', 'Tinted Lens', 'Prankster']",1.0,1.0,1.0,1.0,1.0,0.5,2.0,2.0,1.0,0.5,0.5,1.0,1.0,1.0,1.0,2.0,1.0,1.0,47,75,0.6,73,85,85,17.7,0,bug,N/A
315,Roselia,3,50,1059860,"['Natural Cure', 'Poison Point', 'Leaf Guard']",1.0,1.0,1.0,0.5,0.5,0.5,2.0,2.0,1.0,0.25,1.0,2.0,1.0,1.0,2.0,1.0,1.0,0.5,60,45,0.3,100,80,65,2.0,0,grass,poison
316,Gulpin,3,70,1640000,"['Liquid Ooze', 'Sticky Hold', 'Gluttony']",0.5,1.0,1.0,1.0,0.5,0.5,1.0,1.0,1.0,0.5,2.0,1.0,1.0,0.5,2.0,1.0,1.0,1.0,43,53,0.4,43,53,40,10.3,0,poison,N/A
317,Swalot,3,100,1640000,"['Liquid Ooze', 'Sticky Hold', 'Gluttony']",0.5,1.0,1.0,1.0,0.5,0.5,1.0,1.0,1.0,0.5,2.0,1.0,1.0,0.5,2.0,1.0,1.0,1.0,73,83,1.7,73,83,55,80.0,0,poison,N/A
318,Carvanha,3,45,1250000,"['Rough Skin', 'Speed Boost']",2.0,0.5,1.0,2.0,2.0,2.0,0.5,1.0,0.5,2.0,1.0,0.5,1.0,1.0,0.0,1.0,0.5,0.5,90,20,0.8,65,20,65,20.8,0,water,dark
319,Sharpedo,3,70,1250000,"['Rough Skin', 'Speed Boost']",2.0,0.5,1.0,2.0,2.0,2.0,0.5,1.0,0.5,2.0,1.0,0.5,1.0,1.0,0.0,1.0,0.5,0.5,140,70,1.8,110,65,105,88.8,0,water,dark
320,Wailmer,3,130,1640000,"['Water Veil', 'Oblivious', 'Pressure']",1.0,1.0,1.0,2.0,1.0,1.0,0.5,1.0,1.0,2.0,1.0,0.5,1.0,1.0,1.0,1.0,0.5,0.5,70,35,2.0,70,35,60,130.0,0,water,N/A
321,Wailord,3,170,1640000,"['Water Veil', 'Oblivious', 'Pressure']",1.0,1.0,1.0,2.0,1.0,1.0,0.5,1.0,1.0,2.0,1.0,0.5,1.0,1.0,1.0,1.0,0.5,0.5,90,45,14.5,90,45,60,398.0,0,water,N/A
322,Numel,3,60,1000000,"['Oblivious', 'Simple', 'Own Tempo']",0.5,1.0,1.0,0.0,0.5,1.0,0.5,1.0,1.0,1.0,2.0,1.0,1.0,0.5,1.0,1.0,0.5,4.0,60,40,0.7,65,45,35,24.0,0,fire,ground
323,Camerupt,3,70,1000000,"['Magma Armor', 'Solid Rock', 'Anger Point']",0.5,1.0,1.0,0.0,0.5,1.0,0.5,1.0,1.0,1.0,2.0,1.0,1.0,0.5,1.0,1.0,0.5,4.0,120,100,1.9,145,105,20,220.0,0,fire,ground
324,Torkoal,3,70,1000000,"['White Smoke', 'Drought', 'Shell Armor']",0.5,1.0,1.0,1.0,0.5,1.0,0.5,1.0,1.0,0.5,2.0,0.5,1.0,1.0,1.0,2.0,0.5,2.0,85,140,0.5,85,70,20,80.4,0,fire,N/A
325,Spoink,3,60,800000,"['Thick Fat', 'Own Tempo', 'Gluttony']",2.0,2.0,1.0,1.0,1.0,0.5,1.0,1.0,2.0,1.0,1.0,1.0,1.0,1.0,0.5,1.0,1.0,1.0,25,35,0.7,70,80,60,30.6,0,psychic,N/A
326,Grumpig,3,80,800000,"['Thick Fat', 'Own Tempo', 'Gluttony']",2.0,2.0,1.0,1.0,1.0,0.5,1.0,1.0,2.0,1.0,1.0,1.0,1.0,1.0,0.5,1.0,1.0,1.0,45,65,0.9,90,110,80,71.5,0,psychic,N/A
327,Spinda,3,60,800000,"['Own Tempo', 'Tangled Feet', 'Contrary']",1.0,1.0,1.0,1.0,1.0,2.0,1.0,1.0,0.0,1.0,1.0,1.0,1.0,1.0,1.0,1.0,1.0,1.0,60,60,1.1,60,60,60,5.0,0,normal,N/A
328,Trapinch,3,45,1059860,"['Hyper Cutter', 'Arena Trap', 'Sheer Force']",1.0,1.0,1.0,0.0,1.0,1.0,1.0,1.0,1.0,2.0,1.0,2.0,1.0,0.5,1.0,0.5,1.0,2.0,100,45,0.7,45,45,10,15.0,0,ground,N/A
329,Vibrava,3,50,1059860,['Levitate'],1.0,1.0,2.0,0.0,2.0,1.0,0.5,1.0,1.0,1.0,1.0,4.0,1.0,0.5,1.0,0.5,1.0,1.0,70,50,1.1,50,50,70,15.3,0,ground,dragon
330,Flygon,3,80,1059860,['Levitate'],1.0,1.0,2.0,0.0,2.0,1.0,0.5,1.0,1.0,1.0,1.0,4.0,1.0,0.5,1.0,0.5,1.0,1.0,100,80,2.0,80,80,100,82.0,0,ground,dragon
331,Cacnea,3,50,1059860,"['Sand Veil', 'Water Absorb']",2.0,1.0,1.0,0.5,1.0,1.0,2.0,2.0,1.0,0.5,0.5,2.0,1.0,2.0,1.0,1.0,1.0,0.5,85,40,0.4,85,40,35,51.3,0,grass,N/A
332,Cacturne,3,70,1059860,"['Sand Veil', 'Water Absorb']",4.0,0.5,1.0,0.5,2.0,2.0,2.0,2.0,0.5,0.5,0.5,2.0,1.0,2.0,0.0,1.0,1.0,0.5,115,60,1.3,115,60,55,77.4,0,grass,dark
333,Swablu,3,45,600000,"['Natural Cure', 'Cloud Nine']",0.5,1.0,1.0,2.0,1.0,1.0,1.0,1.0,0.0,0.5,0.0,2.0,1.0,1.0,1.0,2.0,1.0,1.0,40,60,0.4,40,75,50,1.2,0,normal,flying
334,Altaria,3,75,600000,"['Natural Cure', 'Cloud Nine']",0.5,1.0,2.0,1.0,2.0,0.5,0.5,1.0,1.0,0.25,0.0,4.0,1.0,1.0,1.0,2.0,1.0,0.5,110,110,1.1,110,105,80,20.6,0,dragon,flying
335,Zangoose,3,73,600000,"['Immunity', 'Toxic Boost']",1.0,1.0,1.0,1.0,1.0,2.0,1.0,1.0,0.0,1.0,1.0,1.0,1.0,1.0,1.0,1.0,1.0,1.0,115,60,1.3,60,60,90,40.3,0,normal,N/A
336,Seviper,3,73,1640000,"['Shed Skin', 'Infiltrator']",0.5,1.0,1.0,1.0,0.5,0.5,1.0,1.0,1.0,0.5,2.0,1.0,1.0,0.5,2.0,1.0,1.0,1.0,100,60,2.7,100,60,65,52.5,0,poison,N/A
337,Lunatone,3,90,800000,['Levitate'],2.0,2.0,1.0,1.0,1.0,1.0,0.5,0.5,2.0,2.0,2.0,1.0,0.5,0.5,0.5,1.0,2.0,2.0,55,65,1.0,95,85,70,168.0,0,rock,psychic
338,Solrock,3,90,800000,['Levitate'],2.0,2.0,1.0,1.0,1.0,1.0,0.5,0.5,2.0,2.0,2.0,1.0,0.5,0.5,0.5,1.0,2.0,2.0,95,85,1.2,55,65,70,154.0,0,rock,psychic
339,Barboach,3,50,1000000,"['Oblivious', 'Anticipation', 'Hydration']",1.0,1.0,1.0,0.0,1.0,1.0,0.5,1.0,1.0,4.0,1.0,1.0,1.0,0.5,1.0,0.5,0.5,1.0,48,43,0.4,46,41,60,1.9,0,water,ground
340,Whiscash,3,110,1000000,"['Oblivious', 'Anticipation', 'Hydration']",1.0,1.0,1.0,0.0,1.0,1.0,0.5,1.0,1.0,4.0,1.0,1.0,1.0,0.5,1.0,0.5,0.5,1.0,78,73,0.9,76,71,60,23.6,0,water,ground
341,Corphish,3,43,1640000,"['Hyper Cutter', 'Shell Armor', 'Adaptability']",1.0,1.0,1.0,2.0,1.0,1.0,0.5,1.0,1.0,2.0,1.0,0.5,1.0,1.0,1.0,1.0,0.5,0.5,80,65,0.6,50,35,35,11.5,0,water,N/A
342,Crawdaunt,3,63,1640000,"['Hyper Cutter', 'Shell Armor', 'Adaptability']",2.0,0.5,1.0,2.0,2.0,2.0,0.5,1.0,0.5,2.0,1.0,0.5,1.0,1.0,0.0,1.0,0.5,0.5,120,85,1.1,90,55,55,32.8,0,water,dark
343,Baltoy,3,40,1000000,['Levitate'],2.0,2.0,1.0,0.0,1.0,0.5,1.0,1.0,2.0,2.0,1.0,2.0,1.0,0.5,0.5,0.5,1.0,2.0,40,55,0.5,40,70,55,21.5,0,ground,psychic
344,Claydol,3,60,1000000,['Levitate'],2.0,2.0,1.0,0.0,1.0,0.5,1.0,1.0,2.0,2.0,1.0,2.0,1.0,0.5,0.5,0.5,1.0,2.0,70,105,1.5,70,120,75,108.0,0,ground,psychic
345,Lileep,3,66,600000,"['Suction Cups', 'Storm Drain']",2.0,1.0,1.0,0.5,1.0,2.0,1.0,1.0,1.0,1.0,1.0,2.0,0.5,1.0,1.0,1.0,2.0,1.0,41,77,1.0,61,87,23,23.8,0,rock,grass
346,Cradily,3,86,600000,"['Suction Cups', 'Storm Drain']",2.0,1.0,1.0,0.5,1.0,2.0,1.0,1.0,1.0,1.0,1.0,2.0,0.5,1.0,1.0,1.0,2.0,1.0,81,97,1.5,81,107,43,60.4,0,rock,grass
347,Anorith,3,45,600000,"['Battle Armor', 'Swift Swim']",1.0,1.0,1.0,1.0,1.0,1.0,1.0,1.0,1.0,1.0,1.0,1.0,0.5,0.5,1.0,2.0,2.0,2.0,95,50,0.7,40,50,75,12.5,0,rock,bug
348,Armaldo,3,75,600000,"['Battle Armor', 'Swift Swim']",1.0,1.0,1.0,1.0,1.0,1.0,1.0,1.0,1.0,1.0,1.0,1.0,0.5,0.5,1.0,2.0,2.0,2.0,125,100,1.5,70,80,45,68.2,0,rock,bug
349,Feebas,3,20,600000,"['Swift Swim', 'Oblivious', 'Adaptability']",1.0,1.0,1.0,2.0,1.0,1.0,0.5,1.0,1.0,2.0,1.0,0.5,1.0,1.0,1.0,1.0,0.5,0.5,15,20,0.6,10,55,80,7.4,0,water,N/A
350,Milotic,3,95,600000,"['Marvel Scale', 'Competitive', 'Cute Charm']",1.0,1.0,1.0,2.0,1.0,1.0,0.5,1.0,1.0,2.0,1.0,0.5,1.0,1.0,1.0,1.0,0.5,0.5,60,79,6.2,100,125,81,162.0,0,water,N/A
351,Castform,3,70,1000000,['Forecast'],1.0,1.0,1.0,1.0,1.0,2.0,1.0,1.0,0.0,1.0,1.0,1.0,1.0,1.0,1.0,1.0,1.0,1.0,70,70,0.3,70,70,70,0.8,0,normal,N/A
352,Kecleon,3,60,1059860,"['Color Change', 'Protean']",1.0,1.0,1.0,1.0,1.0,2.0,1.0,1.0,0.0,1.0,1.0,1.0,1.0,1.0,1.0,1.0,1.0,1.0,90,70,1.0,60,120,40,22.0,0,normal,N/A
353,Shuppet,3,44,800000,"['Insomnia', 'Frisk', 'Cursed Body']",0.5,2.0,1.0,1.0,1.0,0.0,1.0,1.0,2.0,1.0,1.0,1.0,0.0,0.5,1.0,1.0,1.0,1.0,75,35,0.6,63,33,45,2.3,0,ghost,N/A
354,Banette,3,64,800000,"['Insomnia', 'Frisk', 'Cursed Body']",0.5,2.0,1.0,1.0,1.0,0.0,1.0,1.0,2.0,1.0,1.0,1.0,0.0,0.5,1.0,1.0,1.0,1.0,165,75,1.1,93,83,75,12.5,0,ghost,N/A
355,Duskull,3,20,800000,"['Levitate', 'Frisk']",0.5,2.0,1.0,1.0,1.0,0.0,1.0,1.0,2.0,1.0,1.0,1.0,0.0,0.5,1.0,1.0,1.0,1.0,40,90,0.8,30,90,25,15.0,0,ghost,N/A
356,Dusclops,3,40,800000,"['Pressure', 'Frisk']",0.5,2.0,1.0,1.0,1.0,0.0,1.0,1.0,2.0,1.0,1.0,1.0,0.0,0.5,1.0,1.0,1.0,1.0,70,130,1.6,60,130,25,30.6,0,ghost,N/A
357,Tropius,3,99,1250000,"['Chlorophyll', 'Solar Power', 'Harvest']",1.0,1.0,1.0,1.0,1.0,0.5,2.0,2.0,1.0,0.25,0.0,4.0,1.0,2.0,1.0,2.0,1.0,0.5,68,83,2.0,72,87,51,100.0,0,grass,flying
358,Chimecho,3,75,800000,['Levitate'],2.0,2.0,1.0,1.0,1.0,0.5,1.0,1.0,2.0,1.0,1.0,1.0,1.0,1.0,0.5,1.0,1.0,1.0,50,80,0.6,95,90,65,1.0,0,psychic,N/A
359,Absol,3,65,1059860,"['Pressure', 'Super Luck', 'Justified']",2.0,0.5,1.0,1.0,2.0,2.0,1.0,1.0,0.5,1.0,1.0,1.0,1.0,1.0,0.0,1.0,1.0,1.0,150,60,1.2,115,60,115,47.0,0,dark,N/A
360,Wynaut,3,95,1000000,"['Shadow Tag', 'Telepathy']",2.0,2.0,1.0,1.0,1.0,0.5,1.0,1.0,2.0,1.0,1.0,1.0,1.0,1.0,0.5,1.0,1.0,1.0,23,48,0.6,23,48,23,14.0,0,psychic,N/A
361,Snorunt,3,50,1000000,"['Inner Focus', 'Ice Body', 'Moody']",1.0,1.0,1.0,1.0,1.0,2.0,2.0,1.0,1.0,1.0,1.0,0.5,1.0,1.0,1.0,2.0,2.0,1.0,50,50,0.7,50,50,50,16.8,0,ice,N/A
362,Glalie,3,80,1000000,"['Inner Focus', 'Ice Body', 'Moody']",1.0,1.0,1.0,1.0,1.0,2.0,2.0,1.0,1.0,1.0,1.0,0.5,1.0,1.0,1.0,2.0,2.0,1.0,120,80,1.5,120,80,100,256.5,0,ice,N/A
363,Spheal,3,70,1059860,"['Thick Fat', 'Ice Body', 'Oblivious']",1.0,1.0,1.0,2.0,1.0,2.0,1.0,1.0,1.0,2.0,1.0,0.25,1.0,1.0,1.0,2.0,1.0,0.5,40,50,0.8,55,50,25,39.5,0,ice,water
364,Sealeo,3,90,1059860,"['Thick Fat', 'Ice Body', 'Oblivious']",1.0,1.0,1.0,2.0,1.0,2.0,1.0,1.0,1.0,2.0,1.0,0.25,1.0,1.0,1.0,2.0,1.0,0.5,60,70,1.1,75,70,45,87.6,0,ice,water
365,Walrein,3,110,1059860,"['Thick Fat', 'Ice Body', 'Oblivious']",1.0,1.0,1.0,2.0,1.0,2.0,1.0,1.0,1.0,2.0,1.0,0.25,1.0,1.0,1.0,2.0,1.0,0.5,80,90,1.4,95,90,65,150.6,0,ice,water
366,Clamperl,3,35,600000,"['Shell Armor', 'Rattled']",1.0,1.0,1.0,2.0,1.0,1.0,0.5,1.0,1.0,2.0,1.0,0.5,1.0,1.0,1.0,1.0,0.5,0.5,64,85,0.4,74,55,32,52.5,0,water,N/A
367,Huntail,3,55,600000,"['Swift Swim', 'Water Veil']",1.0,1.0,1.0,2.0,1.0,1.0,0.5,1.0,1.0,2.0,1.0,0.5,1.0,1.0,1.0,1.0,0.5,0.5,104,105,1.7,94,75,52,27.0,0,water,N/A
368,Gorebyss,3,55,600000,"['Swift Swim', 'Hydration']",1.0,1.0,1.0,2.0,1.0,1.0,0.5,1.0,1.0,2.0,1.0,0.5,1.0,1.0,1.0,1.0,0.5,0.5,84,105,1.8,114,75,52,22.6,0,water,N/A
369,Relicanth,3,100,1250000,"['Swift Swim', 'Rock Head', 'Sturdy']",1.0,1.0,1.0,2.0,1.0,2.0,0.25,0.5,1.0,4.0,2.0,0.5,0.5,0.5,1.0,1.0,1.0,1.0,90,130,1.0,45,65,55,23.4,0,water,rock
370,Luvdisc,3,43,800000,"['Swift Swim', 'Hydration']",1.0,1.0,1.0,2.0,1.0,1.0,0.5,1.0,1.0,2.0,1.0,0.5,1.0,1.0,1.0,1.0,0.5,0.5,30,55,0.6,40,65,97,8.7,0,water,N/A
371,Bagon,3,45,1250000,"['Rock Head', 'Sheer Force']",1.0,1.0,2.0,0.5,2.0,1.0,0.5,1.0,1.0,0.5,1.0,2.0,1.0,1.0,1.0,1.0,1.0,0.5,75,60,0.6,40,30,50,42.1,0,dragon,N/A
372,Shelgon,3,65,1250000,"['Rock Head', 'Overcoat']",1.0,1.0,2.0,0.5,2.0,1.0,0.5,1.0,1.0,0.5,1.0,2.0,1.0,1.0,1.0,1.0,1.0,0.5,95,100,1.1,60,50,50,110.5,0,dragon,N/A
373,Salamence,3,95,1250000,"['Intimidate', 'Moxie']",0.5,1.0,2.0,1.0,2.0,0.5,0.5,1.0,1.0,0.25,0.0,4.0,1.0,1.0,1.0,2.0,1.0,0.5,145,130,1.5,120,90,120,102.6,0,dragon,flying
374,Beldum,3,40,1250000,"['Clear Body', 'Light Metal']",1.0,2.0,0.5,1.0,0.5,1.0,2.0,0.5,2.0,0.5,2.0,0.5,0.5,0.0,0.25,0.5,0.5,1.0,55,80,0.6,35,60,30,95.2,0,steel,psychic
375,Metang,3,60,1250000,"['Clear Body', 'Light Metal']",1.0,2.0,0.5,1.0,0.5,1.0,2.0,0.5,2.0,0.5,2.0,0.5,0.5,0.0,0.25,0.5,0.5,1.0,75,100,1.2,55,80,50,202.5,0,steel,psychic
376,Metagross,3,80,1250000,"['Clear Body', 'Light Metal']",1.0,2.0,0.5,1.0,0.5,1.0,2.0,0.5,2.0,0.5,2.0,0.5,0.5,0.0,0.25,0.5,0.5,1.0,145,150,1.6,105,110,110,550.0,0,steel,psychic
377,Regirock,3,80,1250000,"['Clear Body', 'Sturdy']",1.0,1.0,1.0,1.0,1.0,2.0,0.5,0.5,1.0,2.0,2.0,1.0,0.5,0.5,1.0,1.0,2.0,2.0,100,200,1.7,50,100,50,230.0,1,rock,N/A
378,Regice,3,80,1250000,"['Clear Body', 'Ice Body']",1.0,1.0,1.0,1.0,1.0,2.0,2.0,1.0,1.0,1.0,1.0,0.5,1.0,1.0,1.0,2.0,2.0,1.0,50,100,1.8,100,200,50,175.0,1,ice,N/A
379,Registeel,3,80,1250000,"['Clear Body', 'Light Metal']",0.5,1.0,0.5,1.0,0.5,2.0,2.0,0.5,1.0,0.5,2.0,0.5,0.5,0.0,0.5,0.5,0.5,1.0,75,150,1.9,75,150,50,205.0,1,steel,N/A
380,Latias,3,80,1250000,['Levitate'],2.0,2.0,2.0,0.5,2.0,0.5,0.5,1.0,2.0,0.5,1.0,2.0,1.0,1.0,0.5,1.0,1.0,0.5,100,120,1.4,140,150,110,40.0,1,dragon,psychic
381,Latios,3,80,1250000,['Levitate'],2.0,2.0,2.0,0.5,2.0,0.5,0.5,1.0,2.0,0.5,1.0,2.0,1.0,1.0,0.5,1.0,1.0,0.5,130,100,2.0,160,120,110,60.0,1,dragon,psychic
382,Kyogre,3,100,1250000,['Drizzle'],1.0,1.0,1.0,2.0,1.0,1.0,0.5,1.0,1.0,2.0,1.0,0.5,1.0,1.0,1.0,1.0,0.5,0.5,150,90,4.5,180,160,90,352.0,1,water,N/A
383,Groudon,3,100,1250000,['Drought'],1.0,1.0,1.0,0.0,1.0,1.0,1.0,1.0,1.0,2.0,1.0,2.0,1.0,0.5,1.0,0.5,1.0,2.0,180,160,3.5,150,90,90,950.0,1,ground,N/A
384,Rayquaza,3,105,1250000,['Air Lock'],0.5,1.0,2.0,1.0,2.0,0.5,0.5,1.0,1.0,0.25,0.0,4.0,1.0,1.0,1.0,2.0,1.0,0.5,180,100,7.0,180,100,115,206.5,1,dragon,flying
385,Jirachi,3,100,1250000,['Serene Grace'],1.0,2.0,0.5,1.0,0.5,1.0,2.0,0.5,2.0,0.5,2.0,0.5,0.5,0.0,0.25,0.5,0.5,1.0,100,100,0.3,100,100,100,1.1,1,steel,psychic
386,Deoxys-normal,3,50,1250000,['Pressure'],2.0,2.0,1.0,1.0,1.0,0.5,1.0,1.0,2.0,1.0,1.0,1.0,1.0,1.0,0.5,1.0,1.0,1.0,95,90,1.7,95,90,180,60.8,1,psychic,N/A
